id,child_id,time,wet,solid,color,amount,notes,tags
1071,1,26/02/2024 08:16,1,0,yellow,,,
1070,1,25/02/2024 18:52,1,1,yellow,,,
1069,1,25/02/2024 15:29,1,1,yellow,,,
1068,1,25/02/2024 12:40,1,1,yellow,,,
1067,1,25/02/2024 09:35,1,1,yellow,,,
1066,1,25/02/2024 07:49,1,1,yellow,,,
1065,1,24/02/2024 19:07,1,1,yellow,,,
1064,1,24/02/2024 17:39,1,1,yellow,,,
1063,1,24/02/2024 14:21,1,1,yellow,,,
1062,1,24/02/2024 14:21,1,0,yellow,,,
1061,1,24/02/2024 12:34,1,0,yellow,,,
1060,1,24/02/2024 08:09,1,1,yellow,,,
1059,1,23/02/2024 18:10,1,0,yellow,,,
1058,1,23/02/2024 15:00,1,1,yellow,,,
1057,1,23/02/2024 08:09,1,1,yellow,,,
1056,1,22/02/2024 07:37,1,1,yellow,,,
1055,1,21/02/2024 18:36,1,1,yellow,,,
1054,1,21/02/2024 11:21,1,1,yellow,,,
1053,1,21/02/2024 09:43,1,1,yellow,,,
1052,1,21/02/2024 06:02,1,0,yellow,,,
1051,1,20/02/2024 18:48,1,1,yellow,,,
1050,1,20/02/2024 15:45,1,1,yellow,,,
1049,1,20/02/2024 13:20,1,1,,,,
1048,1,20/02/2024 10:00,1,0,,,,
1047,1,20/02/2024 08:36,1,1,yellow,,,
1046,1,20/02/2024 02:40,1,0,yellow,,,
1045,1,19/02/2024 19:01,1,1,yellow,,,
1044,1,19/02/2024 17:26,1,1,yellow,,,
1043,1,19/02/2024 13:09,1,1,yellow,,,
1042,1,19/02/2024 08:47,1,1,yellow,,,
1041,1,18/02/2024 18:51,1,0,yellow,,,
1040,1,18/02/2024 17:07,1,1,yellow,,,
1039,1,18/02/2024 13:14,1,1,yellow,,,
1038,1,18/02/2024 08:54,1,1,yellow,,,
1037,1,18/02/2024 08:35,1,1,yellow,,,
1036,1,17/02/2024 19:12,1,0,yellow,,,
1035,1,17/02/2024 17:39,1,1,yellow,,,
1034,1,17/02/2024 17:29,1,1,yellow,,,
1033,1,17/02/2024 13:13,1,1,yellow,,,
1032,1,17/02/2024 10:14,1,1,yellow,,,
1031,1,17/02/2024 09:22,1,0,yellow,,,
1030,1,16/02/2024 19:01,1,0,yellow,,,
1029,1,16/02/2024 18:09,1,1,yellow,,,
1028,1,16/02/2024 13:40,1,1,yellow,,,
1027,1,16/02/2024 10:16,1,1,yellow,,,
1026,1,16/02/2024 07:20,1,0,yellow,,,
1025,1,15/02/2024 18:41,1,0,yellow,,,
1024,1,15/02/2024 18:16,1,0,yellow,,,
1022,1,15/02/2024 16:04,1,1,yellow,,,
1023,1,15/02/2024 12:30,1,1,,,,
1021,1,15/02/2024 09:19,1,1,yellow,,,
1020,1,14/02/2024 18:47,1,0,yellow,,,
1019,1,14/02/2024 17:25,1,1,yellow,,,
1018,1,14/02/2024 14:50,1,1,yellow,,,
1017,1,14/02/2024 10:46,1,1,yellow,,,
1016,1,14/02/2024 07:09,1,0,yellow,,,
1015,1,13/02/2024 18:55,1,1,yellow,,,
1014,1,13/02/2024 13:03,1,1,yellow,,,
1013,1,13/02/2024 09:49,1,1,yellow,,,
1012,1,13/02/2024 08:34,1,1,yellow,,,
1011,1,12/02/2024 18:46,1,0,yellow,,,
1010,1,12/02/2024 16:28,1,1,yellow,,,
1009,1,12/02/2024 13:00,1,1,yellow,,,
1008,1,12/02/2024 10:38,1,0,yellow,,,
1007,1,12/02/2024 07:04,1,1,yellow,,,
1006,1,11/02/2024 19:31,1,0,yellow,,,
1005,1,11/02/2024 17:02,1,1,yellow,,,
1004,1,11/02/2024 16:06,1,1,yellow,,,
1003,1,11/02/2024 14:02,1,1,yellow,,,
1002,1,11/02/2024 09:10,1,1,yellow,,,
1001,1,10/02/2024 18:53,1,1,yellow,,,
1000,1,10/02/2024 17:23,1,0,yellow,,,
999,1,10/02/2024 13:17,1,1,yellow,,,
998,1,10/02/2024 11:50,1,1,yellow,,,
997,1,10/02/2024 09:06,1,1,yellow,,,
996,1,09/02/2024 18:48,1,0,yellow,,,
995,1,09/02/2024 15:13,1,1,yellow,,,
994,1,09/02/2024 13:06,1,1,yellow,,,
993,1,09/02/2024 09:04,1,1,yellow,,,
992,1,09/02/2024 06:47,1,0,yellow,,,
991,1,08/02/2024 18:15,1,1,yellow,,,
990,1,08/02/2024 16:42,1,0,yellow,,,
989,1,08/02/2024 14:18,1,1,yellow,,,
988,1,08/02/2024 13:24,1,1,yellow,,,
987,1,08/02/2024 08:24,1,1,yellow,,,
986,1,08/02/2024 07:02,1,1,yellow,,,
985,1,07/02/2024 19:01,1,0,yellow,,,
984,1,07/02/2024 15:39,1,1,yellow,,,
983,1,07/02/2024 11:43,1,1,yellow,,,
982,1,07/02/2024 08:14,1,1,yellow,,,
981,1,06/02/2024 18:41,1,1,yellow,,,
980,1,06/02/2024 15:23,1,0,yellow,,,
979,1,06/02/2024 10:46,1,1,yellow,,,
978,1,06/02/2024 10:01,1,1,yellow,,,
977,1,06/02/2024 05:49,1,1,yellow,,,
976,1,05/02/2024 18:49,1,0,yellow,,,
975,1,05/02/2024 15:27,1,1,yellow,,,
974,1,05/02/2024 12:15,1,1,yellow,,,
973,1,05/02/2024 10:20,1,1,yellow,,,
972,1,05/02/2024 05:41,1,1,yellow,,,
971,1,05/02/2024 04:40,1,0,yellow,,,
970,1,04/02/2024 18:41,1,0,yellow,,,
969,1,04/02/2024 17:40,1,1,yellow,,,
968,1,04/02/2024 15:03,1,1,yellow,,,
967,1,04/02/2024 15:02,1,1,yellow,,,
966,1,04/02/2024 09:44,1,1,yellow,,,
965,1,04/02/2024 07:36,1,0,yellow,,,
964,1,03/02/2024 19:30,1,1,yellow,,,
963,1,03/02/2024 16:15,1,1,yellow,,,
962,1,03/02/2024 14:05,1,1,yellow,,,
961,1,03/02/2024 13:08,1,1,yellow,,,
960,1,03/02/2024 07:55,1,1,yellow,,,
959,1,02/02/2024 19:10,1,1,yellow,,,
958,1,02/02/2024 14:18,1,1,yellow,,,
957,1,02/02/2024 13:50,1,0,yellow,,,
956,1,02/02/2024 10:19,1,0,yellow,,,
955,1,02/02/2024 07:31,1,0,yellow,,,
954,1,01/02/2024 18:17,1,0,yellow,,,
953,1,01/02/2024 16:21,1,0,yellow,,,
952,1,01/02/2024 12:06,1,1,yellow,,,
951,1,01/02/2024 10:16,1,1,yellow,,,
950,1,01/02/2024 09:05,1,0,yellow,,,
949,1,01/02/2024 06:59,1,0,yellow,,,
948,1,31/01/2024 18:51,1,1,yellow,,,
947,1,31/01/2024 16:34,1,1,yellow,,,
946,1,31/01/2024 14:05,1,1,yellow,,,
945,1,31/01/2024 13:39,1,1,yellow,,,
944,1,31/01/2024 08:29,1,0,yellow,,,
943,1,31/01/2024 08:28,1,0,yellow,,,
942,1,30/01/2024 18:46,1,1,yellow,,,
941,1,30/01/2024 15:01,1,0,yellow,,,
940,1,30/01/2024 12:43,1,1,yellow,,,
939,1,30/01/2024 11:45,1,1,yellow,,,
938,1,30/01/2024 10:19,1,1,yellow,,,
937,1,30/01/2024 07:57,1,1,yellow,,,
936,1,29/01/2024 19:32,1,0,yellow,,,
935,1,29/01/2024 14:48,1,0,yellow,,,
934,1,29/01/2024 11:40,1,0,yellow,,,
933,1,29/01/2024 08:14,1,1,yellow,,,
932,1,28/01/2024 19:49,1,0,yellow,,,
931,1,28/01/2024 16:08,1,1,yellow,,,
930,1,28/01/2024 11:17,1,1,yellow,,,
929,1,28/01/2024 09:34,1,0,yellow,,,
928,1,28/01/2024 06:10,1,1,brown,,,
927,1,27/01/2024 18:32,1,1,yellow,,,
926,1,27/01/2024 14:29,1,0,yellow,,,
925,1,27/01/2024 11:05,1,0,yellow,,,
924,1,27/01/2024 07:18,1,0,yellow,,,
923,1,26/01/2024 18:53,1,0,yellow,,,
922,1,26/01/2024 17:07,1,0,yellow,,,
921,1,26/01/2024 13:51,1,0,yellow,,,
920,1,26/01/2024 11:04,1,1,yellow,,,
919,1,26/01/2024 08:19,1,0,yellow,,,
918,1,25/01/2024 18:51,1,0,yellow,,,
917,1,25/01/2024 13:21,1,0,yellow,,,
916,1,25/01/2024 10:52,1,0,yellow,,,
915,1,25/01/2024 07:30,1,1,yellow,,,
914,1,24/01/2024 18:17,1,0,yellow,,,
913,1,24/01/2024 15:45,1,0,yellow,,,
912,1,24/01/2024 15:39,1,0,yellow,,,
911,1,24/01/2024 08:35,1,0,yellow,,,
910,1,23/01/2024 18:43,1,0,yellow,,,
909,1,23/01/2024 16:31,1,0,yellow,,,
908,1,23/01/2024 13:00,1,0,yellow,,,
907,1,23/01/2024 08:37,1,0,yellow,,,
906,1,22/01/2024 22:45,1,0,yellow,,,
905,1,22/01/2024 14:11,1,0,yellow,,,
904,1,22/01/2024 10:44,1,0,yellow,,,
903,1,22/01/2024 07:41,1,0,yellow,,,
902,1,21/01/2024 18:38,1,1,yellow,,,
901,1,21/01/2024 18:38,1,0,yellow,,,
900,1,21/01/2024 17:06,1,1,yellow,,,
899,1,21/01/2024 14:32,1,1,yellow,,,
898,1,21/01/2024 10:46,1,0,yellow,,,
897,1,21/01/2024 07:43,1,0,yellow,,,
896,1,20/01/2024 18:32,1,0,yellow,,,
895,1,20/01/2024 17:05,1,0,yellow,,,
894,1,20/01/2024 09:43,1,0,yellow,,,
893,1,20/01/2024 08:22,1,0,yellow,,,
892,1,19/01/2024 19:27,1,0,yellow,,,
891,1,19/01/2024 16:20,1,0,yellow,,,
890,1,19/01/2024 14:50,1,0,yellow,,,
889,1,19/01/2024 12:02,1,0,yellow,,,
888,1,19/01/2024 08:24,1,1,yellow,,,
887,1,18/01/2024 18:23,1,1,yellow,,,
886,1,18/01/2024 16:06,1,0,yellow,,,
885,1,18/01/2024 13:27,1,0,yellow,,,
884,1,18/01/2024 11:05,1,0,yellow,,,
883,1,18/01/2024 07:23,1,1,yellow,,,
882,1,17/01/2024 18:52,1,0,yellow,,,
881,1,17/01/2024 16:01,1,0,yellow,,,
880,1,17/01/2024 12:01,1,0,yellow,,,
879,1,17/01/2024 08:36,1,1,yellow,,,
878,1,17/01/2024 07:26,1,0,yellow,,,
877,1,16/01/2024 18:44,1,0,yellow,,,
876,1,16/01/2024 16:29,1,0,yellow,,,
875,1,16/01/2024 12:41,1,1,yellow,,,
874,1,16/01/2024 10:52,1,0,yellow,,,
873,1,16/01/2024 07:40,1,1,yellow,,,
872,1,15/01/2024 18:40,1,0,yellow,,,
871,1,15/01/2024 14:32,1,0,yellow,,,
870,1,15/01/2024 10:32,1,0,yellow,,,
869,1,15/01/2024 07:21,1,0,yellow,,,
868,1,14/01/2024 18:42,1,0,yellow,,,
867,1,14/01/2024 16:47,1,1,yellow,,,
866,1,14/01/2024 15:56,1,0,yellow,,,
865,1,14/01/2024 12:30,1,0,yellow,,,
864,1,14/01/2024 08:31,1,0,yellow,,,
863,1,13/01/2024 18:43,1,0,yellow,,,
862,1,13/01/2024 17:31,1,1,yellow,,,
861,1,13/01/2024 17:31,1,0,yellow,,,
860,1,13/01/2024 10:58,1,0,yellow,,,
859,1,13/01/2024 06:53,1,1,yellow,,,
858,1,12/01/2024 18:53,1,0,yellow,,,
857,1,12/01/2024 14:41,1,1,yellow,,,
856,1,12/01/2024 10:17,1,0,yellow,,,
855,1,12/01/2024 07:06,1,0,yellow,,,
854,1,11/01/2024 18:46,1,0,yellow,,,
853,1,11/01/2024 16:49,1,1,yellow,,,
852,1,11/01/2024 13:50,1,0,yellow,,,
851,1,11/01/2024 11:12,1,0,yellow,,,
850,1,11/01/2024 08:05,1,0,yellow,,,
849,1,10/01/2024 21:50,1,0,yellow,,,
848,1,10/01/2024 17:05,1,0,yellow,,,
847,1,10/01/2024 13:41,1,0,yellow,,,
846,1,10/01/2024 10:49,1,0,yellow,,,
845,1,10/01/2024 07:23,1,0,yellow,,,
844,1,09/01/2024 18:53,1,1,yellow,,,
843,1,09/01/2024 18:20,1,0,yellow,,,
842,1,09/01/2024 17:12,1,0,yellow,,,
841,1,09/01/2024 13:00,1,1,yellow,,,
840,1,09/01/2024 11:48,1,0,yellow,,,
839,1,09/01/2024 07:40,1,0,yellow,,,
838,1,08/01/2024 18:08,1,0,yellow,,,
837,1,08/01/2024 14:02,1,0,yellow,,,
836,1,08/01/2024 10:47,1,0,yellow,,,
835,1,08/01/2024 07:37,1,0,yellow,,,
834,1,07/01/2024 18:33,1,1,yellow,,,
833,1,07/01/2024 16:33,1,0,yellow,,,
832,1,07/01/2024 12:35,1,1,yellow,,,
831,1,07/01/2024 10:14,1,0,yellow,,,
830,1,07/01/2024 07:22,1,0,yellow,,,
829,1,06/01/2024 18:29,1,1,yellow,,,
828,1,06/01/2024 17:04,1,0,brown,,,
827,1,06/01/2024 13:18,1,0,brown,,,
826,1,06/01/2024 09:50,1,0,brown,,,
825,1,05/01/2024 18:44,1,0,brown,,,
824,1,05/01/2024 15:15,1,0,brown,,,
823,1,05/01/2024 12:28,1,1,brown,,,
822,1,05/01/2024 09:26,1,0,brown,,,
821,1,04/01/2024 18:47,1,0,brown,,,
820,1,04/01/2024 15:50,1,1,brown,,,
819,1,04/01/2024 11:54,1,0,brown,,,
818,1,04/01/2024 09:37,1,0,brown,,,
817,1,03/01/2024 18:51,1,1,brown,,,
816,1,03/01/2024 13:12,1,0,brown,,,
815,1,03/01/2024 09:43,1,0,brown,,,
813,1,02/01/2024 19:36,1,0,brown,,,
812,1,02/01/2024 17:18,1,0,brown,,,
811,1,02/01/2024 12:04,1,0,brown,,,
810,1,02/01/2024 08:07,1,0,brown,,,
809,1,01/01/2024 19:16,1,0,brown,,,
808,1,01/01/2024 16:36,1,1,brown,,,
807,1,01/01/2024 13:51,1,0,brown,,,
806,1,01/01/2024 11:09,1,0,brown,,,
805,1,01/01/2024 07:56,1,0,brown,,,
804,1,31/12/2023 19:04,1,0,brown,,,
803,1,31/12/2023 13:54,1,1,brown,,,
802,1,31/12/2023 09:47,1,0,brown,,,
801,1,30/12/2023 09:53,1,0,brown,,,
800,1,29/12/2023 17:35,1,1,brown,,,
799,1,29/12/2023 16:02,1,0,,,,
798,1,29/12/2023 14:19,1,0,brown,,,
797,1,29/12/2023 14:19,1,0,brown,,,
796,1,28/12/2023 20:11,1,0,brown,,,
795,1,28/12/2023 17:31,1,0,brown,,,
794,1,28/12/2023 13:05,1,0,brown,,,
793,1,28/12/2023 10:08,1,0,brown,,,
792,1,27/12/2023 18:48,1,0,brown,,,
791,1,27/12/2023 18:47,1,0,brown,,,
790,1,27/12/2023 13:37,1,0,brown,,,
789,1,27/12/2023 13:37,1,0,brown,,,
788,1,26/12/2023 20:01,1,0,brown,,,
787,1,26/12/2023 20:01,1,0,brown,,,
786,1,26/12/2023 11:11,1,0,brown,,,
785,1,26/12/2023 11:11,1,0,brown,,,
784,1,25/12/2023 17:56,1,0,brown,,,
783,1,25/12/2023 12:06,1,0,brown,,,
782,1,25/12/2023 09:40,1,0,brown,,,
781,1,24/12/2023 21:07,1,0,brown,,,
780,1,24/12/2023 09:19,1,0,brown,,,
779,1,24/12/2023 09:19,1,0,brown,,,
778,1,24/12/2023 09:19,1,0,brown,,,
777,1,23/12/2023 19:43,1,1,yellow,,,
776,1,23/12/2023 15:33,1,0,yellow,,,
775,1,23/12/2023 13:59,1,0,yellow,,,
774,1,23/12/2023 11:03,1,1,yellow,,,
773,1,23/12/2023 11:03,1,0,yellow,,,
772,1,22/12/2023 15:59,1,0,yellow,,,
771,1,22/12/2023 12:13,1,0,yellow,,,
770,1,22/12/2023 10:35,1,0,yellow,,,
769,1,21/12/2023 16:22,1,0,yellow,,,
768,1,21/12/2023 14:01,1,0,yellow,,,
767,1,21/12/2023 11:40,1,0,yellow,,,
766,1,20/12/2023 19:21,1,0,yellow,,,
765,1,20/12/2023 19:21,1,0,yellow,,,
764,1,20/12/2023 16:39,1,0,yellow,,,
763,1,20/12/2023 13:14,1,0,yellow,,,
762,1,20/12/2023 09:13,1,0,yellow,,,
761,1,19/12/2023 21:48,1,0,yellow,,,
760,1,19/12/2023 12:08,1,0,yellow,,,
759,1,19/12/2023 12:08,1,0,yellow,,,
758,1,18/12/2023 18:54,1,0,yellow,,,
757,1,18/12/2023 17:40,1,0,yellow,,,
756,1,18/12/2023 14:24,1,0,yellow,,,
754,1,18/12/2023 10:18,1,1,yellow,,,
753,1,18/12/2023 07:35,1,0,yellow,,,
752,1,17/12/2023 18:54,1,0,yellow,,,
751,1,17/12/2023 17:05,1,0,yellow,,,
750,1,17/12/2023 12:27,1,0,yellow,,,
749,1,17/12/2023 10:42,1,0,yellow,,,
748,1,16/12/2023 19:13,1,0,yellow,,,
747,1,16/12/2023 17:56,1,0,yellow,,,
746,1,16/12/2023 11:49,1,1,yellow,,,
745,1,16/12/2023 10:52,1,0,yellow,,,
744,1,15/12/2023 20:47,1,0,yellow,,,
743,1,15/12/2023 16:39,1,1,yellow,,,
742,1,15/12/2023 13:53,1,0,yellow,,,
741,1,15/12/2023 10:18,1,0,yellow,,,
740,1,15/12/2023 07:37,1,0,yellow,,,
739,1,14/12/2023 18:53,1,0,yellow,,,
738,1,14/12/2023 17:29,1,0,yellow,,,
737,1,14/12/2023 15:27,1,0,yellow,,,
736,1,14/12/2023 12:24,1,0,yellow,,,
735,1,14/12/2023 08:06,1,0,yellow,,,
734,1,13/12/2023 19:02,1,0,yellow,,,
733,1,13/12/2023 17:58,1,0,yellow,,,
732,1,13/12/2023 15:13,1,0,yellow,,,
731,1,13/12/2023 12:09,1,1,yellow,,,
730,1,13/12/2023 11:17,1,0,yellow,,,
729,1,13/12/2023 08:17,1,0,yellow,,,
728,1,12/12/2023 18:14,1,0,yellow,,,
727,1,12/12/2023 15:35,1,0,yellow,,,
726,1,12/12/2023 15:35,1,0,yellow,,,
725,1,12/12/2023 11:56,1,0,yellow,,,
724,1,12/12/2023 08:44,1,0,yellow,,,
723,1,11/12/2023 19:02,1,0,yellow,,,
722,1,11/12/2023 14:07,1,1,yellow,,,
721,1,11/12/2023 11:14,1,0,yellow,,,
720,1,11/12/2023 08:33,1,1,yellow,,,
719,1,10/12/2023 19:27,1,0,yellow,,,
718,1,10/12/2023 16:26,1,1,yellow,,,
717,1,10/12/2023 15:08,1,1,yellow,,,
716,1,10/12/2023 13:30,1,0,yellow,,,
715,1,10/12/2023 09:31,1,1,yellow,,,
714,1,10/12/2023 08:29,1,0,yellow,,,
713,1,09/12/2023 18:04,1,0,yellow,,,
712,1,09/12/2023 14:36,1,0,yellow,,,
711,1,09/12/2023 14:27,1,0,yellow,,,
710,1,09/12/2023 11:53,1,0,yellow,,,
709,1,09/12/2023 08:36,1,0,yellow,,,
708,1,08/12/2023 18:25,1,0,yellow,,,
707,1,08/12/2023 16:38,1,0,yellow,,,
706,1,08/12/2023 11:03,1,0,yellow,,,
705,1,08/12/2023 08:29,1,0,yellow,,,
704,1,07/12/2023 19:09,1,0,yellow,,,
703,1,07/12/2023 16:20,1,0,yellow,,,
702,1,07/12/2023 13:43,1,1,brown,,,
700,1,07/12/2023 09:43,1,1,yellow,,,
699,1,07/12/2023 08:46,1,0,yellow,,,
698,1,06/12/2023 21:41,1,0,yellow,,,
697,1,06/12/2023 21:41,1,0,yellow,,,
696,1,06/12/2023 19:03,1,0,yellow,,,
695,1,06/12/2023 08:12,1,0,yellow,,,
694,1,05/12/2023 20:28,1,0,yellow,,,
693,1,05/12/2023 16:09,1,0,yellow,,,
692,1,05/12/2023 12:16,1,0,yellow,,,
691,1,05/12/2023 08:59,1,0,yellow,,,
690,1,04/12/2023 19:42,1,0,yellow,,,
689,1,04/12/2023 17:52,1,0,yellow,,,
688,1,04/12/2023 15:50,1,1,brown,,,
687,1,04/12/2023 14:06,1,0,yellow,,,
686,1,04/12/2023 11:36,1,0,yellow,,,
685,1,04/12/2023 08:10,1,0,yellow,,,
684,1,03/12/2023 17:59,1,0,yellow,,,
683,1,03/12/2023 15:35,1,0,yellow,,,
682,1,03/12/2023 11:42,1,0,yellow,,,
681,1,03/12/2023 09:26,1,1,yellow,,,
680,1,02/12/2023 18:29,1,0,yellow,,,
679,1,02/12/2023 16:00,1,0,yellow,,,
678,1,02/12/2023 11:54,1,0,yellow,,,
677,1,02/12/2023 09:08,1,0,yellow,,,
676,1,01/12/2023 19:13,1,0,yellow,,,
675,1,01/12/2023 15:18,1,0,yellow,,,
674,1,01/12/2023 12:07,1,1,yellow,,,
673,1,01/12/2023 10:14,1,0,yellow,,,
672,1,01/12/2023 08:27,1,0,yellow,,,
671,1,30/11/2023 16:46,1,0,yellow,,,
670,1,30/11/2023 13:33,1,0,yellow,,,
669,1,30/11/2023 11:01,1,0,yellow,,,
668,1,30/11/2023 08:26,1,0,yellow,,,
667,1,29/11/2023 18:44,1,0,yellow,,,
666,1,29/11/2023 17:47,1,0,yellow,,,
665,1,29/11/2023 14:24,1,1,yellow,,,
664,1,29/11/2023 11:39,1,1,yellow,,,
663,1,29/11/2023 09:14,1,0,yellow,,,
662,1,28/11/2023 18:41,1,0,yellow,,,
661,1,28/11/2023 13:34,1,0,yellow,,,
660,1,28/11/2023 10:59,1,0,yellow,,,
659,1,28/11/2023 08:14,1,0,yellow,,,
658,1,27/11/2023 18:18,1,0,yellow,,,
657,1,27/11/2023 15:24,1,0,yellow,,,
655,1,27/11/2023 12:05,1,0,yellow,,,
654,1,27/11/2023 09:17,1,0,yellow,,,
653,1,26/11/2023 19:43,1,1,yellow,,,
652,1,26/11/2023 19:01,1,0,yellow,,,
651,1,26/11/2023 16:07,1,0,yellow,,,
650,1,26/11/2023 14:20,1,0,yellow,,,
649,1,26/11/2023 11:04,1,0,yellow,,,
648,1,25/11/2023 18:32,1,0,yellow,,,
647,1,25/11/2023 17:18,1,1,yellow,,,
646,1,25/11/2023 12:54,1,0,yellow,,,
645,1,25/11/2023 10:03,1,1,yellow,,,
644,1,25/11/2023 07:49,1,0,yellow,,,
643,1,24/11/2023 19:06,1,0,yellow,,,
642,1,24/11/2023 17:42,1,1,yellow,,,
641,1,24/11/2023 13:21,1,0,yellow,,,
640,1,24/11/2023 09:44,1,1,yellow,,,
639,1,24/11/2023 08:10,1,0,yellow,,,
638,1,23/11/2023 19:14,1,0,yellow,,,
637,1,23/11/2023 15:04,1,0,yellow,,,
636,1,23/11/2023 11:41,1,0,yellow,,,
635,1,23/11/2023 11:32,1,0,yellow,,,
634,1,22/11/2023 19:43,1,0,yellow,,,
633,1,22/11/2023 18:02,1,0,yellow,,,
632,1,22/11/2023 15:45,1,0,yellow,,,
631,1,22/11/2023 13:51,1,0,yellow,,,
630,1,22/11/2023 09:21,1,0,yellow,,,
629,1,21/11/2023 20:12,1,0,yellow,,,
628,1,21/11/2023 16:38,1,0,yellow,,,
627,1,21/11/2023 12:38,1,0,yellow,,,
626,1,21/11/2023 10:34,1,0,yellow,,,
625,1,21/11/2023 07:29,1,0,yellow,,,
624,1,20/11/2023 19:09,1,0,yellow,,,
623,1,20/11/2023 17:21,1,1,yellow,,,
622,1,20/11/2023 16:41,1,0,yellow,,,
621,1,20/11/2023 13:15,1,1,yellow,,,
620,1,20/11/2023 12:36,1,0,yellow,,,
619,1,20/11/2023 09:10,1,1,yellow,,,
618,1,19/11/2023 18:38,1,0,yellow,,,
617,1,19/11/2023 14:47,1,0,yellow,,,
616,1,19/11/2023 12:26,1,0,yellow,,,
615,1,19/11/2023 09:12,1,1,yellow,,,
614,1,18/11/2023 19:25,1,1,yellow,,,
613,1,18/11/2023 17:30,1,0,yellow,,,
612,1,18/11/2023 13:46,1,1,yellow,,,
611,1,18/11/2023 12:12,1,0,yellow,,,
610,1,18/11/2023 10:18,1,0,yellow,,,
609,1,17/11/2023 20:05,1,0,yellow,,,
608,1,17/11/2023 17:29,1,0,yellow,,,
607,1,17/11/2023 14:29,1,0,yellow,,,
606,1,17/11/2023 11:21,1,0,yellow,,,
605,1,17/11/2023 08:41,1,0,yellow,,,
602,1,16/11/2023 19:54,1,1,yellow,,,
604,1,16/11/2023 17:45,1,0,,,,
601,1,16/11/2023 15:18,1,1,yellow,,,
603,1,16/11/2023 13:21,1,0,,,,
600,1,16/11/2023 10:20,1,0,yellow,,,
599,1,16/11/2023 08:39,1,0,yellow,,,
598,1,15/11/2023 19:49,1,0,yellow,,,
597,1,15/11/2023 18:22,1,0,yellow,,,
596,1,15/11/2023 15:04,1,0,yellow,,,
595,1,15/11/2023 12:41,1,0,yellow,,,
594,1,15/11/2023 08:08,1,0,yellow,,,
593,1,14/11/2023 18:33,1,0,yellow,,,
592,1,14/11/2023 13:04,1,0,yellow,,,
591,1,14/11/2023 10:58,1,0,yellow,,,
590,1,14/11/2023 09:20,1,1,yellow,,,
589,1,13/11/2023 19:19,1,1,yellow,,,
588,1,13/11/2023 16:42,1,0,yellow,,,
587,1,13/11/2023 10:55,1,1,yellow,,,
586,1,13/11/2023 10:25,1,0,yellow,,,
585,1,13/11/2023 09:06,1,1,yellow,,,
584,1,12/11/2023 19:13,1,0,yellow,,,
583,1,12/11/2023 15:55,1,0,yellow,,,
582,1,12/11/2023 12:49,1,1,yellow,,,
581,1,12/11/2023 10:50,1,0,yellow,,,
580,1,12/11/2023 06:59,1,0,yellow,,,
579,1,11/11/2023 17:20,1,0,yellow,,,
578,1,11/11/2023 13:48,1,1,yellow,,,
577,1,11/11/2023 12:44,1,0,yellow,,,
576,1,11/11/2023 09:10,1,0,yellow,,,
575,1,10/11/2023 20:15,1,1,yellow,,,
574,1,10/11/2023 19:09,1,0,yellow,,,
573,1,10/11/2023 18:39,1,0,yellow,,,
572,1,10/11/2023 13:05,1,0,yellow,,,
571,1,10/11/2023 09:53,1,0,yellow,,,
570,1,09/11/2023 18:40,1,0,yellow,,,
569,1,09/11/2023 16:24,1,1,yellow,,,
568,1,09/11/2023 15:16,1,1,yellow,,,
566,1,09/11/2023 13:00,1,0,yellow,,,
565,1,09/11/2023 08:43,1,0,yellow,,,
564,1,08/11/2023 19:16,1,1,yellow,,,
563,1,08/11/2023 16:49,1,0,yellow,,,
562,1,08/11/2023 14:29,1,0,,,,
560,1,08/11/2023 11:30,1,0,yellow,,,
559,1,08/11/2023 09:03,1,0,yellow,,,
557,1,07/11/2023 20:29,1,0,yellow,,,
558,1,07/11/2023 18:26,1,0,yellow,,,
556,1,07/11/2023 15:49,1,0,yellow,,,
554,1,07/11/2023 13:41,1,0,yellow,,,
553,1,07/11/2023 09:39,1,1,yellow,,,
552,1,07/11/2023 09:39,1,0,yellow,,,
551,1,06/11/2023 20:03,1,0,yellow,,,
550,1,06/11/2023 18:53,1,0,yellow,,,
549,1,06/11/2023 18:01,1,0,yellow,,,
547,1,06/11/2023 11:37,1,0,yellow,,,
546,1,06/11/2023 09:49,1,0,yellow,,,
545,1,05/11/2023 19:46,1,0,yellow,,,
544,1,05/11/2023 18:29,1,0,yellow,,,
543,1,05/11/2023 15:55,1,0,yellow,,,
542,1,05/11/2023 13:33,1,0,yellow,,,
541,1,05/11/2023 09:35,1,0,yellow,,,
540,1,04/11/2023 22:37,1,0,yellow,,,
539,1,04/11/2023 17:55,1,0,yellow,,,
538,1,04/11/2023 15:08,1,0,yellow,,,
537,1,04/11/2023 10:56,1,0,yellow,,,
536,1,04/11/2023 09:36,1,0,yellow,,,
535,1,03/11/2023 19:50,1,0,yellow,,,
534,1,03/11/2023 17:31,1,1,yellow,,,
533,1,03/11/2023 16:32,1,0,yellow,,,
532,1,03/11/2023 13:00,1,1,yellow,,,
530,1,03/11/2023 10:15,1,0,yellow,,,
531,1,03/11/2023 08:55,1,0,,,,
529,1,02/11/2023 18:16,1,1,yellow,,,
528,1,02/11/2023 16:33,1,0,yellow,,,
527,1,02/11/2023 12:02,1,0,yellow,,,
526,1,02/11/2023 09:25,1,0,yellow,,,
525,1,01/11/2023 19:56,1,0,yellow,,,
524,1,01/11/2023 18:42,1,0,yellow,,,
523,1,01/11/2023 16:51,1,1,yellow,,,
522,1,01/11/2023 16:23,1,0,yellow,,,
521,1,01/11/2023 11:14,1,0,yellow,,,
520,1,01/11/2023 09:39,1,0,yellow,,,
519,1,31/10/2023 20:59,1,0,yellow,,,
518,1,31/10/2023 18:37,1,0,yellow,,,
517,1,31/10/2023 16:08,1,1,yellow,,,
516,1,31/10/2023 13:20,1,0,yellow,,,
515,1,31/10/2023 10:31,1,0,yellow,,,
514,1,31/10/2023 08:38,1,1,yellow,,,
513,1,30/10/2023 19:56,1,0,yellow,,,
512,1,30/10/2023 18:44,1,1,yellow,,,
511,1,30/10/2023 16:34,1,0,yellow,,,
510,1,30/10/2023 13:25,1,0,yellow,,,
509,1,30/10/2023 11:03,1,1,yellow,,,
508,1,30/10/2023 09:33,1,0,yellow,,,
507,1,29/10/2023 19:51,1,0,yellow,,,
505,1,29/10/2023 18:18,1,1,yellow,,,
504,1,29/10/2023 16:06,1,0,yellow,,,
506,1,29/10/2023 13:58,1,1,yellow,,,
503,1,29/10/2023 12:50,1,0,yellow,,,
502,1,29/10/2023 08:44,1,0,yellow,,,
501,1,28/10/2023 20:13,1,0,yellow,,,
500,1,28/10/2023 18:38,1,0,yellow,,,
499,1,28/10/2023 18:29,1,1,yellow,,,
498,1,28/10/2023 13:50,1,0,yellow,,,
497,1,28/10/2023 09:18,1,1,yellow,,,
496,1,28/10/2023 08:26,1,0,yellow,,,
495,1,27/10/2023 20:32,1,0,yellow,,,
494,1,27/10/2023 18:57,1,1,yellow,,,
493,1,27/10/2023 18:33,1,0,yellow,,,
492,1,27/10/2023 16:34,1,0,yellow,,,
491,1,27/10/2023 12:59,1,1,yellow,,,
490,1,27/10/2023 10:48,1,1,yellow,,,
489,1,27/10/2023 10:10,1,0,yellow,,,
488,1,26/10/2023 20:18,1,0,yellow,,,
487,1,26/10/2023 17:51,1,1,yellow,,,
486,1,26/10/2023 16:43,1,0,yellow,,,
485,1,26/10/2023 14:24,1,0,yellow,,,
484,1,26/10/2023 10:26,1,0,yellow,,,
483,1,25/10/2023 20:25,1,0,yellow,,,
482,1,25/10/2023 16:26,1,0,yellow,,,
481,1,25/10/2023 11:55,1,1,yellow,,,
480,1,25/10/2023 11:20,1,0,yellow,,,
479,1,25/10/2023 09:08,1,0,yellow,,,
478,1,24/10/2023 20:08,1,1,yellow,,,
477,1,24/10/2023 17:48,1,1,yellow,,,
476,1,24/10/2023 12:23,1,0,yellow,,,
475,1,24/10/2023 11:49,1,0,yellow,,,
474,1,24/10/2023 11:43,1,0,yellow,,,
473,1,24/10/2023 09:56,1,0,yellow,,,
472,1,23/10/2023 19:58,1,0,yellow,,,
471,1,23/10/2023 17:55,1,0,yellow,,,
470,1,23/10/2023 12:54,1,0,yellow,,,
469,1,23/10/2023 10:25,1,0,yellow,,,
468,1,23/10/2023 10:18,1,0,yellow,,,
467,1,22/10/2023 20:02,1,1,yellow,,,
466,1,22/10/2023 18:23,1,0,yellow,,,
465,1,22/10/2023 14:40,1,0,yellow,,,
464,1,22/10/2023 11:16,1,0,yellow,,,
463,1,22/10/2023 09:35,1,0,yellow,,,
462,1,21/10/2023 20:49,1,1,yellow,,,
461,1,21/10/2023 17:48,1,0,yellow,,,
460,1,21/10/2023 13:55,1,0,yellow,,,
459,1,21/10/2023 11:11,1,0,yellow,,,
458,1,21/10/2023 08:24,1,0,yellow,,,
456,1,20/10/2023 21:31,1,0,yellow,,,
455,1,20/10/2023 19:52,1,0,yellow,,,
454,1,20/10/2023 17:01,1,0,yellow,,,
453,1,20/10/2023 14:46,1,0,yellow,,,
452,1,20/10/2023 12:44,1,0,yellow,,,
451,1,20/10/2023 09:05,1,0,yellow,,,
450,1,19/10/2023 22:48,1,0,yellow,,,
449,1,19/10/2023 19:07,1,1,yellow,,,
448,1,19/10/2023 15:13,1,0,yellow,,,
447,1,19/10/2023 13:10,1,0,yellow,,,
446,1,19/10/2023 09:30,1,1,yellow,,,
445,1,19/10/2023 08:35,1,0,yellow,,,
444,1,18/10/2023 19:45,1,0,yellow,,,
443,1,18/10/2023 15:00,1,0,yellow,,,
442,1,18/10/2023 12:20,1,0,yellow,,,
441,1,18/10/2023 09:22,1,0,yellow,,,
440,1,17/10/2023 19:58,1,1,yellow,,,
439,1,17/10/2023 16:36,1,0,yellow,,,
438,1,17/10/2023 13:28,1,0,yellow,,,
437,1,17/10/2023 11:28,1,0,yellow,,,
436,1,17/10/2023 08:43,1,0,yellow,,,
435,1,16/10/2023 20:57,1,0,yellow,,,
434,1,16/10/2023 19:37,1,1,yellow,,,
433,1,16/10/2023 18:43,1,0,yellow,,,
432,1,16/10/2023 14:11,1,0,yellow,,,
431,1,16/10/2023 11:06,1,1,yellow,,,
430,1,16/10/2023 10:06,1,0,yellow,,,
429,1,15/10/2023 23:04,1,0,yellow,,,
428,1,15/10/2023 20:56,1,0,yellow,,,
427,1,15/10/2023 17:49,1,1,yellow,,,
426,1,15/10/2023 14:18,1,0,yellow,,,
425,1,15/10/2023 11:56,1,0,yellow,,,
424,1,15/10/2023 08:47,1,1,yellow,,,
423,1,14/10/2023 21:00,1,0,yellow,,,
422,1,14/10/2023 15:23,1,0,yellow,,,
421,1,14/10/2023 13:12,1,0,yellow,,,
420,1,14/10/2023 10:13,1,0,yellow,,,
419,1,14/10/2023 07:45,1,0,yellow,,,
418,1,13/10/2023 20:26,1,0,yellow,,,
417,1,13/10/2023 19:16,1,1,yellow,,,
416,1,13/10/2023 18:27,1,0,yellow,,,
415,1,13/10/2023 15:53,1,1,yellow,,,
414,1,13/10/2023 14:50,1,0,yellow,,,
413,1,13/10/2023 12:54,1,1,yellow,,,
412,1,13/10/2023 09:33,1,1,yellow,,,
411,1,13/10/2023 08:59,1,0,yellow,,,
410,1,12/10/2023 20:29,1,1,yellow,,,
409,1,12/10/2023 18:34,1,1,yellow,,,
408,1,12/10/2023 17:44,1,0,yellow,,,
407,1,12/10/2023 12:55,1,0,yellow,,,
406,1,12/10/2023 10:26,1,0,yellow,,,
405,1,11/10/2023 23:51,1,0,yellow,,,
404,1,11/10/2023 20:23,1,1,yellow,,,
403,1,11/10/2023 19:09,1,0,yellow,,,
402,1,11/10/2023 15:31,1,0,yellow,,,
401,1,11/10/2023 13:01,1,0,yellow,,,
400,1,11/10/2023 08:56,1,0,yellow,,,
399,1,10/10/2023 20:28,1,0,yellow,,,
398,1,10/10/2023 20:19,1,1,yellow,,,
397,1,10/10/2023 20:19,1,1,yellow,,,
396,1,10/10/2023 16:10,1,1,yellow,,,
395,1,10/10/2023 12:38,1,1,yellow,,,
394,1,10/10/2023 09:07,1,0,yellow,,,
393,1,10/10/2023 06:50,1,0,yellow,,,
392,1,09/10/2023 20:29,1,0,yellow,,,
391,1,09/10/2023 16:12,1,1,yellow,,,
390,1,09/10/2023 14:02,1,1,yellow,,,
389,1,09/10/2023 13:39,1,0,yellow,,,
388,1,09/10/2023 11:57,1,1,yellow,,,
387,1,09/10/2023 11:03,1,0,yellow,,,
386,1,09/10/2023 08:14,1,0,yellow,,,
385,1,09/10/2023 05:19,1,1,yellow,,,
384,1,08/10/2023 20:56,1,0,yellow,,,
383,1,08/10/2023 19:00,1,1,yellow,,,
382,1,08/10/2023 15:31,1,0,yellow,,,
381,1,08/10/2023 13:08,1,0,yellow,,,
380,1,08/10/2023 10:32,1,1,yellow,,,
379,1,08/10/2023 08:31,1,1,yellow,,,
378,1,07/10/2023 20:39,1,1,yellow,,,
377,1,07/10/2023 17:30,1,0,yellow,,,
376,1,07/10/2023 14:32,1,0,yellow,,,
375,1,07/10/2023 12:42,1,1,yellow,,,
374,1,07/10/2023 09:01,1,0,yellow,,,
373,1,06/10/2023 20:57,1,0,yellow,,,
372,1,06/10/2023 19:52,1,0,yellow,,,
371,1,06/10/2023 16:56,1,1,yellow,,,
370,1,06/10/2023 13:24,1,1,yellow,,,
369,1,06/10/2023 09:08,1,1,yellow,,,
368,1,06/10/2023 08:32,1,0,yellow,,,
367,1,06/10/2023 03:19,1,0,yellow,,,
366,1,05/10/2023 19:07,1,1,yellow,,,
365,1,05/10/2023 14:37,1,0,yellow,,,
364,1,05/10/2023 11:34,1,1,yellow,,,
363,1,05/10/2023 10:07,0,1,yellow,,,
362,1,05/10/2023 09:39,1,0,yellow,,,
361,1,05/10/2023 07:41,1,0,yellow,,,
360,1,05/10/2023 05:27,1,0,yellow,,,
359,1,04/10/2023 20:32,1,0,yellow,,,
358,1,04/10/2023 17:10,1,1,yellow,,,
357,1,04/10/2023 15:24,1,0,yellow,,,
356,1,04/10/2023 14:46,1,0,yellow,,,
355,1,04/10/2023 12:30,1,0,yellow,,,
354,1,04/10/2023 10:14,1,1,yellow,,,
353,1,04/10/2023 09:20,1,1,yellow,,,
352,1,04/10/2023 08:03,1,0,yellow,,,
351,1,04/10/2023 02:47,1,0,yellow,,,
350,1,03/10/2023 20:06,1,0,yellow,,,
349,1,03/10/2023 17:58,1,1,yellow,,,
348,1,03/10/2023 14:44,1,0,yellow,,,
347,1,03/10/2023 13:11,1,1,yellow,,,
346,1,03/10/2023 12:23,1,0,yellow,,,
345,1,03/10/2023 10:05,1,1,yellow,,,
344,1,03/10/2023 09:56,1,0,yellow,,,
343,1,03/10/2023 07:32,1,0,yellow,,,
342,1,03/10/2023 00:49,1,0,yellow,,,
341,1,02/10/2023 20:46,1,0,yellow,,,
340,1,02/10/2023 18:09,1,1,yellow,,,
339,1,02/10/2023 18:09,1,0,yellow,,,
338,1,02/10/2023 13:53,1,0,yellow,,,
337,1,02/10/2023 09:36,1,0,yellow,,,
336,1,02/10/2023 05:54,1,0,yellow,,,
335,1,01/10/2023 21:02,1,0,yellow,,,
334,1,01/10/2023 19:21,1,1,yellow,,,
333,1,01/10/2023 18:06,1,0,yellow,,,
332,1,01/10/2023 14:27,1,0,yellow,,,
331,1,01/10/2023 11:07,1,1,yellow,,,
330,1,01/10/2023 08:49,1,0,yellow,,,
329,1,01/10/2023 02:03,1,0,yellow,,,
328,1,30/09/2023 20:18,1,1,yellow,,,
327,1,30/09/2023 19:30,1,1,yellow,,,
326,1,30/09/2023 16:45,1,0,yellow,,,
325,1,30/09/2023 12:23,1,1,yellow,,,
324,1,30/09/2023 10:50,1,0,yellow,,,
323,1,30/09/2023 07:46,1,0,yellow,,,
322,1,30/09/2023 02:27,1,0,yellow,,,
321,1,29/09/2023 20:08,1,1,yellow,,,
320,1,29/09/2023 19:47,1,0,yellow,,,
319,1,29/09/2023 17:17,1,1,yellow,,,
318,1,29/09/2023 12:32,1,1,yellow,,,
317,1,29/09/2023 09:47,1,0,yellow,,,
316,1,29/09/2023 07:51,1,0,yellow,,,
315,1,29/09/2023 00:51,1,0,yellow,,,
314,1,28/09/2023 20:44,1,1,yellow,,,
313,1,28/09/2023 19:57,1,0,yellow,,,
312,1,28/09/2023 15:54,1,0,yellow,,,
311,1,28/09/2023 11:22,1,0,yellow,,,
310,1,28/09/2023 09:09,1,0,yellow,,,
309,1,28/09/2023 02:25,1,0,yellow,,,
308,1,27/09/2023 20:23,1,0,yellow,,,
307,1,27/09/2023 15:44,1,0,yellow,,,
306,1,27/09/2023 13:23,1,1,yellow,,,
305,1,27/09/2023 11:12,1,1,yellow,,,
304,1,27/09/2023 10:42,1,0,yellow,,,
303,1,27/09/2023 08:18,1,0,yellow,,,
302,1,27/09/2023 00:56,1,0,yellow,,,
301,1,26/09/2023 20:00,1,0,yellow,,,
299,1,26/09/2023 13:03,1,0,yellow,,,
300,1,26/09/2023 10:28,1,1,yellow,,,
298,1,26/09/2023 08:35,1,1,yellow,,,
297,1,26/09/2023 06:27,1,0,yellow,,,
296,1,26/09/2023 00:24,1,0,yellow,,,
295,1,25/09/2023 20:10,1,1,yellow,,,
294,1,25/09/2023 17:23,1,0,yellow,,,
293,1,25/09/2023 14:48,1,0,yellow,,,
292,1,25/09/2023 11:31,1,1,yellow,,,
291,1,25/09/2023 11:11,1,0,yellow,,,
290,1,25/09/2023 09:00,1,0,yellow,,,
289,1,25/09/2023 05:53,1,0,yellow,,,
288,1,24/09/2023 21:44,1,1,yellow,,,
287,1,24/09/2023 19:23,1,1,yellow,,,
286,1,24/09/2023 17:21,1,0,yellow,,,
284,1,24/09/2023 15:35,1,1,yellow,,,
285,1,24/09/2023 14:57,1,0,yellow,,,
283,1,24/09/2023 10:38,1,1,yellow,,,
282,1,24/09/2023 08:22,1,0,yellow,,,
281,1,24/09/2023 06:48,1,0,yellow,,,
280,1,24/09/2023 00:20,1,0,yellow,,,
279,1,23/09/2023 20:51,1,1,yellow,,,
278,1,23/09/2023 20:06,1,1,yellow,,,
276,1,23/09/2023 16:06,1,0,yellow,,,
277,1,23/09/2023 14:00,1,1,yellow,,,
275,1,23/09/2023 11:20,1,0,yellow,,,
274,1,23/09/2023 08:18,1,0,yellow,,,
273,1,23/09/2023 02:20,1,1,yellow,,,
272,1,22/09/2023 19:11,1,1,yellow,,,
271,1,22/09/2023 17:43,1,1,yellow,,,
270,1,22/09/2023 13:40,1,1,yellow,,,
269,1,22/09/2023 11:02,1,0,yellow,,,
268,1,22/09/2023 08:56,1,0,yellow,,,
267,1,22/09/2023 06:06,1,0,yellow,,,
266,1,22/09/2023 01:41,1,0,yellow,,,
265,1,21/09/2023 23:09,1,1,yellow,,,
264,1,21/09/2023 21:02,1,0,yellow,,,
263,1,21/09/2023 14:34,1,1,yellow,,,
262,1,21/09/2023 14:21,1,0,yellow,,,
261,1,21/09/2023 12:14,1,0,yellow,,,
260,1,21/09/2023 08:42,1,0,yellow,,,
259,1,21/09/2023 06:19,1,0,yellow,,,
258,1,20/09/2023 22:47,1,0,yellow,,,
257,1,20/09/2023 21:01,1,1,yellow,,,
256,1,20/09/2023 18:04,1,0,yellow,,,
255,1,20/09/2023 15:54,1,0,yellow,,,
254,1,20/09/2023 14:15,1,0,yellow,,,
253,1,20/09/2023 10:03,1,0,yellow,,,
252,1,20/09/2023 06:14,1,0,yellow,,,
251,1,19/09/2023 22:12,1,0,yellow,,,
250,1,19/09/2023 19:25,1,0,yellow,,,
249,1,19/09/2023 16:51,1,0,yellow,,,
248,1,19/09/2023 14:56,1,0,yellow,,,
247,1,19/09/2023 10:58,1,0,yellow,,,
246,1,19/09/2023 08:25,1,0,yellow,,,
245,1,18/09/2023 22:40,1,0,yellow,,,
242,1,18/09/2023 21:22,1,0,yellow,,,
241,1,18/09/2023 19:04,1,0,yellow,,,
240,1,18/09/2023 17:15,1,1,yellow,,,
239,1,18/09/2023 07:55,1,0,yellow,,,
238,1,18/09/2023 02:29,1,0,yellow,,,
237,1,17/09/2023 21:04,1,0,yellow,,,
236,1,17/09/2023 18:27,1,0,yellow,,,
235,1,17/09/2023 16:12,1,0,yellow,,,
234,1,17/09/2023 10:47,1,0,yellow,,,
233,1,17/09/2023 08:00,1,0,,,,
232,1,17/09/2023 01:59,1,0,yellow,,,
231,1,16/09/2023 13:21,1,0,yellow,,,
230,1,16/09/2023 09:42,1,0,yellow,,,
229,1,16/09/2023 06:46,1,0,yellow,,,
228,1,15/09/2023 22:02,1,1,yellow,,,
226,1,15/09/2023 19:22,1,1,yellow,,,
225,1,15/09/2023 14:35,1,0,yellow,,,
224,1,15/09/2023 12:50,1,0,yellow,,,
222,1,15/09/2023 11:28,1,1,yellow,,,
221,1,15/09/2023 08:21,1,1,yellow,,,
223,1,15/09/2023 05:30,1,0,,,,
220,1,14/09/2023 23:06,1,0,yellow,,,
216,1,14/09/2023 21:09,1,1,yellow,,,
217,1,14/09/2023 20:00,1,0,yellow,,,
215,1,14/09/2023 18:23,1,1,yellow,,,
214,1,14/09/2023 17:30,1,0,yellow,,,
218,1,14/09/2023 12:45,1,0,,,,
213,1,14/09/2023 09:15,1,1,yellow,,,
212,1,14/09/2023 08:42,1,0,yellow,,,
210,1,14/09/2023 05:30,1,0,yellow,,,
209,1,13/09/2023 22:56,1,1,yellow,,,
208,1,13/09/2023 18:25,1,0,yellow,,,
207,1,13/09/2023 15:50,1,1,yellow,,,
206,1,13/09/2023 14:15,1,0,yellow,,,
204,1,13/09/2023 10:41,1,0,yellow,,,
203,1,13/09/2023 08:43,1,0,yellow,,,
202,1,13/09/2023 06:33,1,0,yellow,,,
201,1,13/09/2023 01:23,1,0,yellow,,,
200,1,12/09/2023 21:02,1,0,yellow,,,
199,1,12/09/2023 16:21,1,0,yellow,,,
198,1,12/09/2023 13:43,1,0,yellow,,,
196,1,12/09/2023 11:32,1,0,yellow,,,
195,1,12/09/2023 08:40,1,0,yellow,,,
197,1,12/09/2023 07:00,1,0,,,,
194,1,11/09/2023 22:14,1,0,yellow,,,
193,1,11/09/2023 19:43,1,0,yellow,,,
192,1,11/09/2023 15:10,1,0,yellow,,,
191,1,11/09/2023 09:53,1,0,yellow,,,
190,1,11/09/2023 07:17,1,0,yellow,,,
189,1,11/09/2023 02:12,1,0,yellow,,,
188,1,10/09/2023 22:01,1,0,yellow,,,
187,1,10/09/2023 17:59,1,0,yellow,,,
186,1,10/09/2023 14:54,1,0,yellow,,,
182,1,10/09/2023 13:33,1,1,yellow,,,
181,1,10/09/2023 12:49,1,0,yellow,,,
180,1,10/09/2023 08:20,1,0,yellow,,,
179,1,10/09/2023 00:22,1,0,yellow,,,
178,1,09/09/2023 20:27,1,0,yellow,,,
177,1,09/09/2023 15:42,1,0,yellow,,,
176,1,09/09/2023 13:09,1,0,yellow,,,
175,1,09/09/2023 10:02,1,0,yellow,,,
174,1,08/09/2023 21:54,1,0,yellow,,,
173,1,08/09/2023 19:18,1,1,yellow,,,
172,1,08/09/2023 18:31,1,0,yellow,,,
171,1,08/09/2023 14:38,1,0,yellow,,,
170,1,08/09/2023 12:12,1,0,yellow,,,
169,1,08/09/2023 08:00,1,0,yellow,,,
168,1,06/09/2023 21:21,1,0,yellow,,,
167,1,06/09/2023 18:18,1,0,yellow,,,
166,1,06/09/2023 11:25,1,1,yellow,,,
165,1,06/09/2023 11:11,1,1,yellow,,,
164,1,06/09/2023 05:10,1,0,yellow,,,
163,1,06/09/2023 01:23,1,0,yellow,,,
161,1,05/09/2023 20:23,1,1,yellow,,,
160,1,05/09/2023 20:23,1,0,yellow,,,
159,1,05/09/2023 16:47,1,0,yellow,,,
158,1,05/09/2023 12:43,1,0,yellow,,,
157,1,05/09/2023 09:55,1,0,yellow,,,
156,1,05/09/2023 06:25,1,1,yellow,,,
155,1,04/09/2023 23:16,1,1,yellow,,,
154,1,04/09/2023 18:01,1,0,yellow,,,
152,1,04/09/2023 14:37,1,1,yellow,,,
146,1,04/09/2023 11:41,1,0,yellow,,,
145,1,04/09/2023 09:21,1,0,yellow,,,
144,1,04/09/2023 07:30,1,0,yellow,,,
143,1,04/09/2023 04:02,1,1,yellow,,,
142,1,03/09/2023 22:06,1,0,yellow,,,
141,1,03/09/2023 19:54,1,1,yellow,,,
140,1,03/09/2023 12:22,1,1,yellow,,,
139,1,03/09/2023 09:49,1,1,yellow,,,
138,1,03/09/2023 06:24,1,0,yellow,,,
137,1,03/09/2023 00:43,1,0,yellow,,,
136,1,02/09/2023 20:08,1,0,yellow,,,
135,1,02/09/2023 17:48,1,0,yellow,,,
134,1,02/09/2023 17:48,1,0,yellow,,,
133,1,02/09/2023 15:58,1,1,yellow,,,
132,1,02/09/2023 14:08,1,0,yellow,,,
131,1,02/09/2023 09:07,1,0,yellow,,,
130,1,02/09/2023 04:20,1,0,yellow,,,
129,1,01/09/2023 21:54,1,0,yellow,,,
128,1,01/09/2023 18:25,1,0,yellow,,,
127,1,01/09/2023 12:40,1,1,yellow,,,
125,1,01/09/2023 10:23,1,1,yellow,,,
124,1,01/09/2023 09:32,1,0,yellow,,,
123,1,01/09/2023 09:28,1,1,yellow,,,
122,1,01/09/2023 06:15,1,0,yellow,,,
121,1,01/09/2023 02:40,1,1,yellow,,,
120,1,31/08/2023 23:42,1,0,yellow,,,
119,1,31/08/2023 18:20,1,1,yellow,,,
117,1,31/08/2023 16:30,1,1,yellow,,,
118,1,31/08/2023 13:20,1,0,,,,
116,1,31/08/2023 11:58,1,1,yellow,,,
115,1,31/08/2023 11:53,1,1,yellow,,,
114,1,31/08/2023 09:37,1,0,yellow,,,
113,1,31/08/2023 07:10,1,0,yellow,,,
112,1,31/08/2023 05:07,1,0,yellow,,,
111,1,31/08/2023 01:57,1,0,yellow,,,
110,1,30/08/2023 22:12,1,0,yellow,,,
109,1,30/08/2023 19:48,1,1,yellow,,,
108,1,30/08/2023 17:59,1,0,yellow,,,
107,1,30/08/2023 17:43,1,0,yellow,,,
106,1,30/08/2023 11:00,1,0,,,,
105,1,30/08/2023 09:08,1,1,yellow,,,
104,1,30/08/2023 05:40,1,0,yellow,,,
102,1,30/08/2023 02:27,1,0,yellow,,,
101,1,29/08/2023 21:45,1,0,yellow,,,
100,1,29/08/2023 16:58,1,0,yellow,,,
99,1,29/08/2023 14:57,1,1,yellow,,,
95,1,29/08/2023 11:15,1,0,yellow,,,
94,1,29/08/2023 08:24,1,0,yellow,,,
93,1,29/08/2023 06:09,1,0,yellow,,,
92,1,29/08/2023 03:51,1,0,yellow,,,
91,1,28/08/2023 22:25,1,1,yellow,,,
90,1,28/08/2023 19:36,1,1,yellow,,,
89,1,28/08/2023 14:04,1,1,yellow,,,
88,1,28/08/2023 12:07,1,1,yellow,,,
87,1,28/08/2023 09:15,1,0,yellow,,,
86,1,28/08/2023 05:57,1,1,yellow,,,
85,1,28/08/2023 03:49,1,1,yellow,,,
84,1,27/08/2023 23:24,1,1,brown,,,
83,1,27/08/2023 20:21,1,1,yellow,,,
82,1,27/08/2023 18:11,1,0,yellow,,,
81,1,27/08/2023 14:26,1,0,yellow,,,
80,1,27/08/2023 12:29,1,1,yellow,,,
79,1,27/08/2023 07:06,1,0,yellow,,,
78,1,27/08/2023 03:25,1,1,yellow,,,
77,1,26/08/2023 21:43,1,1,yellow,,,
76,1,26/08/2023 21:05,1,0,yellow,,,
75,1,26/08/2023 18:14,1,0,yellow,,,
74,1,26/08/2023 14:59,1,1,yellow,,,
73,1,26/08/2023 11:25,1,1,yellow,,,
72,1,26/08/2023 07:40,1,1,yellow,,,
71,1,26/08/2023 03:49,1,0,yellow,,,
70,1,25/08/2023 23:40,1,1,yellow,,,
69,1,25/08/2023 21:54,1,1,yellow,,,
68,1,25/08/2023 20:13,1,0,yellow,,,
67,1,25/08/2023 17:59,1,1,yellow,,,
66,1,25/08/2023 14:54,1,1,yellow,,,
65,1,25/08/2023 11:23,1,1,yellow,,,
64,1,25/08/2023 07:57,1,1,yellow,,,
63,1,25/08/2023 04:14,1,0,yellow,,,
62,1,25/08/2023 00:44,1,1,yellow,,,
61,1,24/08/2023 20:46,1,1,yellow,,,
60,1,24/08/2023 18:11,1,1,yellow,,,
59,1,24/08/2023 14:36,1,1,yellow,,,
58,1,24/08/2023 10:21,1,1,yellow,,,
57,1,24/08/2023 06:12,1,0,yellow,,,
56,1,24/08/2023 06:11,1,1,yellow,,,
55,1,24/08/2023 00:17,1,1,brown,,,
54,1,23/08/2023 22:56,1,1,yellow,,,
53,1,23/08/2023 17:45,1,1,yellow,,,
52,1,23/08/2023 15:01,1,1,yellow,,,
51,1,23/08/2023 11:41,1,1,yellow,,,
50,1,23/08/2023 09:05,1,1,yellow,,,
49,1,23/08/2023 05:11,1,1,yellow,,,
48,1,22/08/2023 23:29,1,1,yellow,,,
47,1,22/08/2023 21:17,1,1,yellow,,,
46,1,22/08/2023 18:57,1,1,yellow,,,
45,1,22/08/2023 15:50,1,0,yellow,,,
44,1,22/08/2023 12:23,1,1,yellow,,,
43,1,22/08/2023 09:42,1,1,yellow,,,
42,1,22/08/2023 06:31,1,1,yellow,,,
41,1,22/08/2023 02:55,1,1,yellow,,,
40,1,21/08/2023 22:35,1,1,yellow,,,
39,1,21/08/2023 18:23,1,1,yellow,,,
38,1,21/08/2023 17:02,1,1,yellow,,,
36,1,21/08/2023 13:52,1,1,yellow,,,
35,1,21/08/2023 10:42,1,1,yellow,,,
34,1,21/08/2023 07:17,1,0,,,,
31,1,21/08/2023 04:01,1,1,yellow,,,
30,1,21/08/2023 00:51,1,1,yellow,,,
29,1,20/08/2023 21:30,1,1,yellow,,,
28,1,20/08/2023 19:52,1,1,yellow,,,
27,1,20/08/2023 15:06,1,1,yellow,,,
26,1,20/08/2023 12:55,1,1,yellow,,Hütkäse,
25,1,20/08/2023 08:52,1,1,yellow,,,
24,1,20/08/2023 05:54,1,1,yellow,,,
23,1,20/08/2023 03:01,0,1,brown,,,
22,1,20/08/2023 02:22,1,1,yellow,,"Orange. Sticking to butt a bit, had to peel.",
21,1,19/08/2023 22:00,1,1,yellow,,,
20,1,19/08/2023 19:03,1,1,yellow,,,
19,1,19/08/2023 15:54,1,0,,,,
18,1,19/08/2023 13:24,1,1,yellow,,,
17,1,19/08/2023 08:42,1,1,yellow,,,
16,1,19/08/2023 07:31,1,1,yellow,,,
14,1,19/08/2023 03:31,1,1,yellow,,,
15,1,18/08/2023 21:33,0,1,yellow,,,
13,1,18/08/2023 21:02,1,0,,,,
12,1,18/08/2023 17:26,1,0,,,,
1,1,18/08/2023 13:45,1,1,green,,,
2,1,18/08/2023 06:36,1,0,,,,
3,1,18/08/2023 02:26,1,1,brown,,,
4,1,17/08/2023 17:49,1,0,,,,
5,1,17/08/2023 12:25,1,1,brown,,,
7,1,17/08/2023 09:48,1,0,,,,
6,1,16/08/2023 23:33,1,1,brown,,"Sticky, dark",
9,1,16/08/2023 14:52,1,0,,,,
8,1,16/08/2023 11:27,1,0,,,,
10,1,16/08/2023 02:30,1,0,,,,
11,1,15/08/2023 19:04,0,1,black,,,
