id,child_id,start,end,nap,notes,tags
1496,1,26/02/2024 07:36,26/02/2024 08:04,1,,
1495,1,26/02/2024 00:00,26/02/2024 07:36,0,,
1494,1,25/02/2024 19:36,25/02/2024 23:59,0,,
1493,1,25/02/2024 16:47,25/02/2024 17:12,1,,
1492,1,25/02/2024 13:23,25/02/2024 14:05,1,,
1491,1,25/02/2024 09:47,25/02/2024 13:23,1,,
1489,1,25/02/2024 06:15,25/02/2024 07:45,1,,
1490,1,24/02/2024 19:30,24/02/2024 22:02,1,,
1488,1,24/02/2024 18:00,24/02/2024 18:33,0,,
1487,1,24/02/2024 15:08,24/02/2024 15:45,1,,
1486,1,24/02/2024 14:33,24/02/2024 15:03,1,,
1485,1,24/02/2024 10:50,24/02/2024 12:12,1,,
1484,1,24/02/2024 10:17,24/02/2024 10:23,1,,
1483,1,24/02/2024 09:22,24/02/2024 09:48,1,,
1482,1,24/02/2024 03:31,24/02/2024 07:16,0,,
1481,1,24/02/2024 00:00,24/02/2024 03:30,0,,
1480,1,23/02/2024 19:17,23/02/2024 23:59,0,,
1479,1,23/02/2024 16:33,23/02/2024 17:07,1,,
1477,1,23/02/2024 13:57,23/02/2024 14:30,1,,
1478,1,23/02/2024 10:05,23/02/2024 11:00,1,,
1476,1,23/02/2024 00:00,23/02/2024 03:54,0,,
1475,1,22/02/2024 19:41,22/02/2024 23:59,0,,
1474,1,22/02/2024 17:28,22/02/2024 18:17,1,,
1473,1,22/02/2024 16:20,22/02/2024 16:56,1,,
1472,1,22/02/2024 06:24,22/02/2024 06:56,1,,
1471,1,22/02/2024 04:49,22/02/2024 06:01,0,,
1470,1,22/02/2024 00:00,22/02/2024 01:09,0,,
1469,1,21/02/2024 19:48,21/02/2024 23:59,0,,
1468,1,21/02/2024 11:53,21/02/2024 11:54,1,,
1467,1,21/02/2024 06:46,21/02/2024 08:57,1,,
1463,1,21/02/2024 04:40,21/02/2024 05:34,0,,
1464,1,21/02/2024 02:50,21/02/2024 04:30,1,,
1465,1,21/02/2024 01:40,21/02/2024 02:45,1,,
1466,1,21/02/2024 00:00,21/02/2024 01:30,1,,
1462,1,20/02/2024 19:33,20/02/2024 23:59,0,,
1461,1,20/02/2024 17:44,20/02/2024 18:17,1,,
1460,1,20/02/2024 14:20,20/02/2024 15:00,1,,
1459,1,20/02/2024 10:50,20/02/2024 11:45,1,,
1458,1,20/02/2024 06:30,20/02/2024 07:55,1,,
1457,1,20/02/2024 03:43,20/02/2024 06:15,0,,
1456,1,20/02/2024 02:27,20/02/2024 02:42,0,,
1455,1,19/02/2024 19:47,19/02/2024 23:56,0,,
1454,1,19/02/2024 17:53,19/02/2024 18:30,1,,
1453,1,19/02/2024 14:50,19/02/2024 15:15,1,,
1452,1,19/02/2024 10:48,19/02/2024 12:04,1,,
1451,1,19/02/2024 05:45,19/02/2024 08:20,0,,
1449,1,19/02/2024 02:58,19/02/2024 05:07,0,,
1450,1,19/02/2024 01:30,19/02/2024 02:40,0,,
1448,1,19/02/2024 00:00,19/02/2024 01:20,0,,
1447,1,18/02/2024 19:39,18/02/2024 23:34,0,,
1446,1,18/02/2024 15:14,18/02/2024 16:29,1,,
1445,1,18/02/2024 12:25,18/02/2024 12:56,1,,
1444,1,18/02/2024 09:55,18/02/2024 10:20,1,,
1443,1,18/02/2024 06:10,18/02/2024 07:50,1,,
1442,1,18/02/2024 03:47,18/02/2024 05:03,0,,
1441,1,18/02/2024 01:23,18/02/2024 03:30,0,,
1440,1,18/02/2024 00:00,18/02/2024 00:55,0,,
1439,1,17/02/2024 19:53,17/02/2024 23:59,0,,
1438,1,17/02/2024 17:54,17/02/2024 18:21,1,,
1437,1,17/02/2024 14:57,17/02/2024 15:47,1,,
1436,1,17/02/2024 12:32,17/02/2024 12:58,1,,
1435,1,17/02/2024 10:43,17/02/2024 11:11,1,,
1434,1,17/02/2024 04:53,17/02/2024 08:00,0,,
1433,1,17/02/2024 00:00,17/02/2024 03:59,0,,
1432,1,16/02/2024 20:08,16/02/2024 23:59,0,,
1431,1,16/02/2024 17:25,16/02/2024 18:02,1,,
1430,1,16/02/2024 11:40,16/02/2024 12:46,1,,
1429,1,16/02/2024 07:50,16/02/2024 09:47,1,,
1427,1,16/02/2024 05:10,16/02/2024 06:05,1,,
1426,1,16/02/2024 03:27,16/02/2024 04:50,1,,
1425,1,16/02/2024 00:00,16/02/2024 03:11,0,,
1428,1,15/02/2024 23:00,15/02/2024 23:59,1,,
1424,1,15/02/2024 19:24,15/02/2024 22:30,0,,
1423,1,15/02/2024 16:39,15/02/2024 17:12,1,,
1422,1,15/02/2024 15:06,15/02/2024 15:21,1,,
1421,1,15/02/2024 10:58,15/02/2024 12:13,1,,
1420,1,15/02/2024 05:47,15/02/2024 08:21,0,,
1419,1,15/02/2024 02:22,15/02/2024 05:33,0,,
1418,1,15/02/2024 00:00,15/02/2024 01:28,0,,
1417,1,14/02/2024 19:23,14/02/2024 23:59,0,,
1414,1,14/02/2024 17:57,14/02/2024 18:02,1,,
1413,1,14/02/2024 15:32,14/02/2024 15:58,1,,
1412,1,14/02/2024 11:47,14/02/2024 13:03,1,,
1411,1,14/02/2024 08:59,14/02/2024 09:35,1,,
1416,1,14/02/2024 04:45,14/02/2024 06:15,0,,
1415,1,14/02/2024 02:36,14/02/2024 04:30,0,,
1410,1,14/02/2024 00:32,14/02/2024 02:14,0,,
1409,1,14/02/2024 00:00,14/02/2024 00:01,0,,
1408,1,13/02/2024 19:34,13/02/2024 23:59,0,,
1407,1,13/02/2024 16:08,13/02/2024 16:32,1,,
1406,1,13/02/2024 15:04,13/02/2024 15:04,1,,
1405,1,13/02/2024 13:14,13/02/2024 13:43,1,,
1404,1,13/02/2024 10:33,13/02/2024 11:10,1,,
1403,1,13/02/2024 05:48,13/02/2024 08:15,0,,
1402,1,13/02/2024 02:01,13/02/2024 04:47,0,,
1401,1,13/02/2024 00:00,13/02/2024 00:50,0,,
1400,1,12/02/2024 19:23,12/02/2024 23:59,0,,
1399,1,12/02/2024 17:14,12/02/2024 18:02,1,,
1398,1,12/02/2024 14:20,12/02/2024 14:48,1,,
1397,1,12/02/2024 11:19,12/02/2024 11:46,1,,
1396,1,12/02/2024 08:49,12/02/2024 09:16,1,,
1395,1,12/02/2024 00:44,12/02/2024 07:00,0,,
1394,1,11/02/2024 19:30,11/02/2024 23:00,0,,
1393,1,11/02/2024 17:21,11/02/2024 17:55,1,,
1392,1,11/02/2024 13:18,11/02/2024 14:11,1,,
1391,1,11/02/2024 09:43,11/02/2024 10:51,1,,
1390,1,11/02/2024 03:49,11/02/2024 07:10,0,,
1389,1,11/02/2024 00:00,11/02/2024 00:11,0,,
1388,1,10/02/2024 19:37,10/02/2024 23:59,0,,
1387,1,10/02/2024 17:56,10/02/2024 18:13,1,,
1386,1,10/02/2024 14:39,10/02/2024 15:26,1,,
1385,1,10/02/2024 13:48,10/02/2024 14:26,1,,
1384,1,10/02/2024 10:51,10/02/2024 11:21,1,,
1382,1,10/02/2024 06:10,10/02/2024 08:45,0,,
1383,1,10/02/2024 02:57,10/02/2024 05:30,0,,
1381,1,09/02/2024 23:37,10/02/2024 01:04,0,,
1380,1,09/02/2024 19:37,09/02/2024 23:03,0,,
1379,1,09/02/2024 17:33,09/02/2024 18:01,1,,
1378,1,09/02/2024 13:46,09/02/2024 14:48,1,,
1377,1,09/02/2024 10:33,09/02/2024 11:06,1,,
1376,1,09/02/2024 07:13,09/02/2024 08:46,1,,
1374,1,09/02/2024 04:50,09/02/2024 06:07,1,,
1373,1,09/02/2024 01:08,09/02/2024 04:38,0,,
1375,1,08/02/2024 23:55,09/02/2024 00:50,0,,
1372,1,08/02/2024 19:15,08/02/2024 23:32,0,,
1371,1,08/02/2024 14:55,08/02/2024 16:00,1,,
1370,1,08/02/2024 10:19,08/02/2024 12:17,1,,
1366,1,08/02/2024 07:28,08/02/2024 08:09,1,,
1369,1,08/02/2024 04:22,08/02/2024 05:43,1,,
1368,1,08/02/2024 02:50,08/02/2024 04:08,1,,
1367,1,08/02/2024 00:35,08/02/2024 02:41,1,,
1365,1,08/02/2024 00:00,08/02/2024 00:24,0,,
1364,1,07/02/2024 19:27,07/02/2024 23:59,0,,
1363,1,07/02/2024 13:52,07/02/2024 15:02,1,,
1362,1,07/02/2024 11:08,07/02/2024 11:22,1,,
1361,1,07/02/2024 09:46,07/02/2024 10:55,1,,
1360,1,07/02/2024 05:59,07/02/2024 08:30,0,,
1359,1,07/02/2024 02:56,07/02/2024 04:27,0,,
1358,1,07/02/2024 00:52,07/02/2024 02:31,0,,
1357,1,07/02/2024 00:00,07/02/2024 00:22,0,,
1356,1,06/02/2024 19:29,06/02/2024 23:59,0,,
1355,1,06/02/2024 16:19,06/02/2024 16:47,1,,
1354,1,06/02/2024 11:56,06/02/2024 13:53,1,,
1353,1,06/02/2024 08:17,06/02/2024 09:31,1,,
1352,1,06/02/2024 03:50,06/02/2024 05:49,0,,
1351,1,06/02/2024 00:50,06/02/2024 03:32,0,,
1350,1,06/02/2024 00:00,06/02/2024 00:31,0,,
1349,1,05/02/2024 19:19,05/02/2024 23:59,0,,
1348,1,05/02/2024 16:35,05/02/2024 17:20,1,,
1347,1,05/02/2024 14:07,05/02/2024 14:37,1,,
1346,1,05/02/2024 11:14,05/02/2024 11:52,1,,
1345,1,05/02/2024 09:34,05/02/2024 10:09,1,,
1344,1,05/02/2024 05:56,05/02/2024 07:11,0,,
1343,1,05/02/2024 04:24,05/02/2024 04:37,0,,
1342,1,05/02/2024 00:00,05/02/2024 04:01,0,,
1341,1,04/02/2024 23:29,04/02/2024 23:59,0,,
1340,1,04/02/2024 19:32,04/02/2024 23:14,0,,
1337,1,04/02/2024 15:11,04/02/2024 16:28,1,,
1336,1,04/02/2024 12:14,04/02/2024 13:43,1,,
1339,1,04/02/2024 05:50,04/02/2024 07:28,0,,
1338,1,04/02/2024 02:20,04/02/2024 05:35,0,,
1335,1,04/02/2024 01:46,04/02/2024 02:06,0,,
1334,1,04/02/2024 00:00,04/02/2024 01:27,0,,
1333,1,03/02/2024 23:40,03/02/2024 23:59,0,,
1332,1,03/02/2024 20:17,03/02/2024 23:18,0,,
1331,1,03/02/2024 17:53,03/02/2024 19:39,1,,
1330,1,03/02/2024 15:14,03/02/2024 15:49,1,,
1328,1,03/02/2024 13:08,03/02/2024 13:40,1,,
1327,1,03/02/2024 09:02,03/02/2024 10:14,1,,
1329,1,03/02/2024 04:35,03/02/2024 07:25,0,,
1326,1,03/02/2024 01:33,03/02/2024 04:12,0,,
1325,1,03/02/2024 00:00,03/02/2024 00:36,0,,
1324,1,02/02/2024 20:01,02/02/2024 23:59,0,,
1323,1,02/02/2024 17:31,02/02/2024 18:12,1,,
1322,1,02/02/2024 11:46,02/02/2024 12:16,1,,
1321,1,02/02/2024 08:54,02/02/2024 09:24,1,,
1320,1,02/02/2024 00:40,02/02/2024 07:25,0,,
1319,1,02/02/2024 00:00,02/02/2024 00:14,0,,
1318,1,01/02/2024 18:56,01/02/2024 23:59,0,,
1317,1,01/02/2024 15:09,01/02/2024 16:10,1,,
1316,1,01/02/2024 14:16,01/02/2024 14:58,1,,
1315,1,01/02/2024 10:42,01/02/2024 11:11,1,,
1314,1,01/02/2024 07:24,01/02/2024 08:01,1,,
1313,1,01/02/2024 06:14,01/02/2024 06:35,1,,
1312,1,01/02/2024 00:00,01/02/2024 05:54,0,,
1311,1,31/01/2024 19:42,31/01/2024 23:59,0,,
1310,1,31/01/2024 14:14,31/01/2024 16:14,1,,
1309,1,31/01/2024 11:48,31/01/2024 12:25,1,,
1308,1,31/01/2024 05:21,31/01/2024 08:19,0,,
1307,1,31/01/2024 01:15,31/01/2024 05:05,0,,
1306,1,31/01/2024 00:00,31/01/2024 00:55,0,,
1305,1,30/01/2024 19:25,30/01/2024 23:59,0,,
1304,1,30/01/2024 17:16,30/01/2024 17:38,1,,
1303,1,30/01/2024 14:20,30/01/2024 14:45,1,,
1302,1,30/01/2024 11:07,30/01/2024 11:34,1,,
1301,1,30/01/2024 09:28,30/01/2024 09:54,1,,
1300,1,30/01/2024 04:15,30/01/2024 07:18,0,,
1299,1,30/01/2024 01:05,30/01/2024 03:44,0,,
1298,1,30/01/2024 00:00,30/01/2024 00:48,0,,
1297,1,29/01/2024 20:38,29/01/2024 23:59,0,,
1296,1,29/01/2024 17:45,29/01/2024 18:22,1,,
1295,1,29/01/2024 13:50,29/01/2024 14:41,1,,
1294,1,29/01/2024 10:04,29/01/2024 10:53,1,,
1293,1,29/01/2024 06:55,29/01/2024 07:47,0,,
1292,1,29/01/2024 02:51,29/01/2024 06:32,0,,
1291,1,29/01/2024 00:00,29/01/2024 02:19,0,,
1290,1,28/01/2024 19:49,28/01/2024 23:59,0,,
1289,1,28/01/2024 16:43,28/01/2024 17:55,1,,
1288,1,28/01/2024 13:50,28/01/2024 14:15,1,,
1287,1,28/01/2024 10:11,28/01/2024 10:40,1,,
1286,1,28/01/2024 06:39,28/01/2024 07:58,1,,
1285,1,28/01/2024 03:07,28/01/2024 05:42,0,,
1284,1,27/01/2024 23:50,28/01/2024 02:24,0,,
1283,1,27/01/2024 19:26,27/01/2024 23:28,0,,
1282,1,27/01/2024 18:47,27/01/2024 18:49,0,,
1281,1,27/01/2024 17:27,27/01/2024 17:39,1,,
1280,1,27/01/2024 13:06,27/01/2024 13:41,1,,
1279,1,27/01/2024 09:03,27/01/2024 10:03,1,,
1278,1,27/01/2024 06:00,27/01/2024 06:56,1,,
1277,1,27/01/2024 03:24,27/01/2024 05:38,0,,
1276,1,27/01/2024 00:00,27/01/2024 02:57,0,,
1275,1,26/01/2024 19:51,26/01/2024 23:59,0,,
1274,1,26/01/2024 14:46,26/01/2024 17:00,1,,
1273,1,26/01/2024 11:46,26/01/2024 12:20,1,,
1272,1,26/01/2024 09:30,26/01/2024 09:58,1,,
1271,1,26/01/2024 05:16,26/01/2024 07:43,0,,
1270,1,26/01/2024 00:33,26/01/2024 04:10,0,,
1269,1,26/01/2024 00:00,26/01/2024 00:00,0,,
1268,1,25/01/2024 19:21,25/01/2024 23:59,0,,
1267,1,25/01/2024 17:52,25/01/2024 18:11,1,,
1266,1,25/01/2024 14:47,25/01/2024 15:17,1,,
1265,1,25/01/2024 12:27,25/01/2024 12:55,1,,
1264,1,25/01/2024 08:46,25/01/2024 10:00,1,,
1263,1,25/01/2024 05:15,25/01/2024 06:18,0,,
1262,1,25/01/2024 01:39,25/01/2024 04:48,0,,
1261,1,25/01/2024 00:00,25/01/2024 01:00,0,,
1260,1,24/01/2024 19:07,24/01/2024 23:59,0,,
1258,1,24/01/2024 14:00,24/01/2024 15:19,1,,
1257,1,24/01/2024 11:31,24/01/2024 12:00,1,,
1256,1,24/01/2024 05:17,24/01/2024 08:22,0,,
1255,1,24/01/2024 02:19,24/01/2024 04:44,0,,
1254,1,24/01/2024 00:00,24/01/2024 01:45,0,,
1253,1,23/01/2024 19:31,23/01/2024 23:59,0,,
1252,1,23/01/2024 17:32,23/01/2024 18:06,1,,
1251,1,23/01/2024 15:46,23/01/2024 16:12,1,,
1250,1,23/01/2024 13:51,23/01/2024 15:34,1,,
1249,1,23/01/2024 11:23,23/01/2024 11:49,1,,
1248,1,23/01/2024 10:26,23/01/2024 10:42,1,,
1247,1,23/01/2024 07:30,23/01/2024 08:29,1,,
1246,1,23/01/2024 02:42,23/01/2024 05:59,0,,
1245,1,23/01/2024 00:00,23/01/2024 02:13,0,,
1244,1,22/01/2024 19:50,22/01/2024 23:59,0,,
1243,1,22/01/2024 18:00,22/01/2024 19:22,0,,
1242,1,22/01/2024 14:57,22/01/2024 15:28,1,,
1241,1,22/01/2024 13:20,22/01/2024 13:20,1,,
1240,1,22/01/2024 12:32,22/01/2024 13:13,1,,
1239,1,22/01/2024 09:33,22/01/2024 10:04,1,,
1238,1,22/01/2024 03:00,22/01/2024 07:15,0,,
1237,1,22/01/2024 00:59,22/01/2024 02:37,0,,
1236,1,22/01/2024 00:00,22/01/2024 00:33,0,,
1235,1,21/01/2024 19:39,21/01/2024 23:59,0,,
1234,1,21/01/2024 16:37,21/01/2024 16:50,1,,
1233,1,21/01/2024 13:00,21/01/2024 14:09,1,,
1232,1,21/01/2024 10:05,21/01/2024 10:28,1,,
1231,1,21/01/2024 06:23,21/01/2024 07:22,1,,
1230,1,21/01/2024 02:40,21/01/2024 06:02,0,,
1229,1,21/01/2024 00:00,21/01/2024 02:15,0,,
1228,1,20/01/2024 19:20,20/01/2024 23:59,0,,
1225,1,20/01/2024 17:19,20/01/2024 18:12,1,,
1224,1,20/01/2024 12:27,20/01/2024 13:45,1,,
1223,1,20/01/2024 10:16,20/01/2024 10:45,1,,
1222,1,20/01/2024 06:23,20/01/2024 07:59,1,,
1221,1,20/01/2024 01:14,20/01/2024 05:30,0,,
1220,1,20/01/2024 00:00,20/01/2024 00:50,0,,
1219,1,19/01/2024 19:58,19/01/2024 23:59,0,,
1218,1,19/01/2024 18:15,19/01/2024 19:11,0,,
1217,1,19/01/2024 15:22,19/01/2024 15:43,1,,
1216,1,19/01/2024 12:02,19/01/2024 12:33,1,,
1215,1,19/01/2024 09:47,19/01/2024 10:18,1,,
1214,1,19/01/2024 05:50,19/01/2024 07:50,0,,
1213,1,19/01/2024 01:44,19/01/2024 04:55,0,,
1212,1,19/01/2024 00:00,19/01/2024 00:49,0,,
1211,1,18/01/2024 19:09,18/01/2024 23:59,0,,
1210,1,18/01/2024 17:21,18/01/2024 17:43,1,,
1208,1,18/01/2024 14:09,18/01/2024 14:51,1,,
1209,1,18/01/2024 12:30,18/01/2024 13:00,1,,
1207,1,18/01/2024 08:59,18/01/2024 09:54,1,,
1205,1,18/01/2024 02:56,18/01/2024 06:26,0,,
1204,1,18/01/2024 01:32,18/01/2024 02:36,0,,
1203,1,18/01/2024 00:00,18/01/2024 00:54,0,,
1202,1,17/01/2024 19:49,17/01/2024 23:59,0,,
1201,1,17/01/2024 18:09,17/01/2024 18:44,0,,
1200,1,17/01/2024 13:23,17/01/2024 15:24,1,,
1198,1,17/01/2024 10:04,17/01/2024 10:37,1,,
1199,1,17/01/2024 09:14,17/01/2024 09:30,1,,
1197,1,17/01/2024 03:22,17/01/2024 06:43,0,,
1196,1,17/01/2024 01:27,17/01/2024 02:53,0,,
1195,1,17/01/2024 00:00,17/01/2024 00:39,0,,
1194,1,16/01/2024 19:16,16/01/2024 23:59,0,,
1193,1,16/01/2024 16:50,16/01/2024 17:20,1,,
1192,1,16/01/2024 14:00,16/01/2024 14:27,1,,
1191,1,16/01/2024 11:09,16/01/2024 11:46,1,,
1190,1,16/01/2024 09:08,16/01/2024 09:40,1,,
1189,1,16/01/2024 06:15,16/01/2024 07:00,0,,
1188,1,16/01/2024 04:17,16/01/2024 05:58,0,,
1187,1,16/01/2024 00:35,16/01/2024 03:55,0,,
1186,1,16/01/2024 00:00,16/01/2024 00:10,0,,
1185,1,15/01/2024 19:28,15/01/2024 23:59,0,,
1184,1,15/01/2024 17:41,15/01/2024 18:12,1,,
1183,1,15/01/2024 15:40,15/01/2024 16:00,1,,
1182,1,15/01/2024 13:17,15/01/2024 14:08,1,,
1181,1,15/01/2024 12:16,15/01/2024 13:13,1,,
1180,1,15/01/2024 08:57,15/01/2024 09:27,1,,
1179,1,15/01/2024 05:10,15/01/2024 06:42,0,,
1178,1,15/01/2024 00:00,15/01/2024 04:46,0,,
1177,1,14/01/2024 19:18,14/01/2024 23:59,0,,
1176,1,14/01/2024 18:00,14/01/2024 18:20,0,,
1175,1,14/01/2024 17:04,14/01/2024 17:48,1,,
1171,1,14/01/2024 14:50,14/01/2024 15:08,1,,
1170,1,14/01/2024 12:44,14/01/2024 13:05,1,,
1169,1,14/01/2024 09:50,14/01/2024 10:37,1,,
1174,1,14/01/2024 07:25,14/01/2024 08:03,0,,
1173,1,14/01/2024 04:10,14/01/2024 07:10,0,,
1172,1,14/01/2024 02:00,14/01/2024 03:32,0,,
1168,1,14/01/2024 00:00,14/01/2024 01:41,0,,
1167,1,13/01/2024 23:32,13/01/2024 23:59,0,,
1166,1,13/01/2024 19:02,13/01/2024 22:56,0,,
1165,1,13/01/2024 15:34,13/01/2024 15:59,1,,
1164,1,13/01/2024 14:35,13/01/2024 14:46,1,,
1163,1,13/01/2024 12:27,13/01/2024 12:53,1,,
1162,1,13/01/2024 10:55,13/01/2024 11:07,1,,
1161,1,13/01/2024 07:54,13/01/2024 08:29,1,,
1160,1,13/01/2024 03:37,13/01/2024 06:17,0,,
1159,1,13/01/2024 00:23,13/01/2024 03:08,0,,
1158,1,12/01/2024 19:54,12/01/2024 23:56,0,,
1157,1,12/01/2024 17:37,12/01/2024 18:10,1,,
1155,1,12/01/2024 15:36,12/01/2024 15:47,1,,
1154,1,12/01/2024 10:56,12/01/2024 13:44,1,,
1152,1,12/01/2024 08:23,12/01/2024 08:43,1,,
1153,1,12/01/2024 05:13,12/01/2024 06:36,0,,
1151,1,12/01/2024 03:20,12/01/2024 04:52,0,,
1150,1,12/01/2024 00:00,12/01/2024 02:56,0,,
1149,1,11/01/2024 19:29,11/01/2024 23:59,0,,
1148,1,11/01/2024 17:16,11/01/2024 17:51,1,,
1147,1,11/01/2024 14:26,11/01/2024 14:56,1,,
1146,1,11/01/2024 13:35,11/01/2024 13:43,1,,
1144,1,11/01/2024 12:37,11/01/2024 13:19,1,,
1143,1,11/01/2024 09:44,11/01/2024 10:13,1,,
1142,1,11/01/2024 01:33,11/01/2024 07:35,0,,
1141,1,11/01/2024 00:00,11/01/2024 00:23,0,,
1140,1,10/01/2024 19:27,10/01/2024 23:59,0,,
1139,1,10/01/2024 16:36,10/01/2024 16:44,1,,
1138,1,10/01/2024 15:12,10/01/2024 16:16,1,,
1137,1,10/01/2024 14:59,10/01/2024 15:03,1,,
1136,1,10/01/2024 12:55,10/01/2024 13:19,1,,
1135,1,10/01/2024 09:57,10/01/2024 10:01,1,,
1134,1,10/01/2024 09:00,10/01/2024 09:56,1,,
1133,1,10/01/2024 03:30,10/01/2024 06:25,0,,
1132,1,10/01/2024 01:17,10/01/2024 03:00,0,,
1131,1,10/01/2024 00:00,10/01/2024 00:19,0,,
1130,1,09/01/2024 19:19,09/01/2024 23:59,0,,
1129,1,09/01/2024 13:36,09/01/2024 15:25,1,,
1128,1,09/01/2024 10:45,09/01/2024 11:23,1,,
1127,1,09/01/2024 09:13,09/01/2024 09:19,1,,
1126,1,09/01/2024 01:53,09/01/2024 07:20,0,,
1125,1,09/01/2024 01:23,09/01/2024 01:30,0,,
1124,1,09/01/2024 00:00,09/01/2024 00:41,0,,
1123,1,08/01/2024 22:37,08/01/2024 23:59,0,,
1122,1,08/01/2024 19:01,08/01/2024 22:37,0,,
1121,1,08/01/2024 16:31,08/01/2024 16:53,1,,
1120,1,08/01/2024 14:23,08/01/2024 14:50,1,,
1119,1,08/01/2024 11:29,08/01/2024 12:20,1,,
1118,1,08/01/2024 09:30,08/01/2024 09:55,1,,
1117,1,08/01/2024 06:08,08/01/2024 07:08,0,,
1116,1,08/01/2024 03:49,08/01/2024 05:45,0,,
1115,1,08/01/2024 00:00,08/01/2024 03:22,0,,
1114,1,07/01/2024 23:39,07/01/2024 23:59,0,,
1113,1,07/01/2024 19:21,07/01/2024 23:14,0,,
1112,1,07/01/2024 14:03,07/01/2024 15:59,1,,
1111,1,07/01/2024 13:38,07/01/2024 13:38,1,,
1110,1,07/01/2024 10:57,07/01/2024 11:43,1,,
1109,1,07/01/2024 07:57,07/01/2024 08:44,1,,
1108,1,07/01/2024 06:24,07/01/2024 07:08,1,,
1107,1,07/01/2024 05:09,07/01/2024 05:54,0,,
1106,1,07/01/2024 03:25,07/01/2024 04:10,0,,
1105,1,07/01/2024 01:51,07/01/2024 03:12,0,,
1104,1,07/01/2024 00:12,07/01/2024 01:29,0,,
1103,1,06/01/2024 19:33,06/01/2024 23:53,0,,
1102,1,06/01/2024 17:04,06/01/2024 17:34,1,,
1101,1,06/01/2024 13:54,06/01/2024 14:35,1,,
1100,1,06/01/2024 13:18,06/01/2024 13:53,1,,
1099,1,06/01/2024 10:27,06/01/2024 11:03,1,,
1098,1,06/01/2024 06:00,06/01/2024 09:50,1,,
1097,1,06/01/2024 02:45,06/01/2024 05:20,1,,
1096,1,06/01/2024 00:00,06/01/2024 00:30,1,,
1095,1,05/01/2024 18:56,05/01/2024 23:59,0,,
1094,1,05/01/2024 18:11,05/01/2024 18:44,0,,
1093,1,05/01/2024 15:26,05/01/2024 15:57,1,,
1092,1,05/01/2024 11:52,05/01/2024 13:17,1,,
1091,1,05/01/2024 11:02,05/01/2024 11:13,1,,
1090,1,05/01/2024 10:41,05/01/2024 10:48,1,,
1089,1,05/01/2024 10:00,05/01/2024 10:21,1,,
1088,1,05/01/2024 08:47,05/01/2024 09:15,1,,
1087,1,05/01/2024 03:56,05/01/2024 06:35,0,,
1086,1,05/01/2024 00:00,05/01/2024 03:36,0,,
1085,1,04/01/2024 19:27,04/01/2024 23:59,0,,
1084,1,04/01/2024 17:05,04/01/2024 17:26,1,,
1083,1,04/01/2024 13:18,04/01/2024 14:32,1,,
1082,1,04/01/2024 09:36,04/01/2024 11:07,1,,
1081,1,04/01/2024 06:00,04/01/2024 07:36,0,,
1080,1,04/01/2024 03:30,04/01/2024 05:40,0,,
1079,1,04/01/2024 00:00,04/01/2024 02:55,0,,
1078,1,03/01/2024 19:30,03/01/2024 23:59,0,,
1077,1,03/01/2024 15:25,03/01/2024 15:57,1,,
1076,1,03/01/2024 13:27,03/01/2024 13:47,1,,
1075,1,03/01/2024 10:36,03/01/2024 11:35,1,,
1074,1,03/01/2024 10:00,03/01/2024 10:27,1,,
1073,1,03/01/2024 07:40,03/01/2024 08:17,1,,
1072,1,03/01/2024 00:15,03/01/2024 05:49,0,,
1071,1,02/01/2024 19:36,02/01/2024 23:59,0,,
1070,1,02/01/2024 16:48,02/01/2024 17:15,1,,
1069,1,02/01/2024 14:28,02/01/2024 14:50,1,,
1068,1,02/01/2024 12:30,02/01/2024 12:43,1,,
1067,1,02/01/2024 12:01,02/01/2024 12:24,1,,
1063,1,02/01/2024 09:39,02/01/2024 10:06,1,,
1066,1,02/01/2024 05:30,02/01/2024 07:00,1,,
1065,1,02/01/2024 01:13,02/01/2024 05:13,1,,
1062,1,02/01/2024 00:00,02/01/2024 01:00,0,,
1064,1,01/01/2024 22:45,01/01/2024 23:59,1,,
1061,1,01/01/2024 19:52,01/01/2024 22:30,0,,
1060,1,01/01/2024 17:18,01/01/2024 18:03,1,,
1059,1,01/01/2024 14:16,01/01/2024 14:51,1,,
1058,1,01/01/2024 11:27,01/01/2024 12:01,1,,
1057,1,01/01/2024 09:41,01/01/2024 10:00,1,,
1056,1,01/01/2024 00:00,01/01/2024 07:56,0,,
1055,1,31/12/2023 19:35,31/12/2023 23:59,0,,
1054,1,31/12/2023 16:53,31/12/2023 17:28,1,,
1053,1,31/12/2023 14:50,31/12/2023 15:29,1,,
1052,1,31/12/2023 14:13,31/12/2023 14:40,1,,
1051,1,31/12/2023 12:15,31/12/2023 12:31,1,,
1050,1,31/12/2023 09:47,31/12/2023 10:15,1,,
1049,1,31/12/2023 05:20,31/12/2023 07:35,0,,
1048,1,31/12/2023 01:17,31/12/2023 05:00,0,,
1047,1,31/12/2023 00:00,31/12/2023 00:55,0,,
1046,1,30/12/2023 19:45,30/12/2023 23:59,0,,
1045,1,30/12/2023 17:07,30/12/2023 18:13,1,,
1044,1,30/12/2023 15:01,30/12/2023 16:13,1,,
1043,1,30/12/2023 13:43,30/12/2023 14:01,1,,
1042,1,30/12/2023 10:04,30/12/2023 11:25,1,,
1041,1,30/12/2023 06:35,30/12/2023 08:00,0,,
1040,1,30/12/2023 03:25,30/12/2023 05:57,0,,
1039,1,30/12/2023 00:00,30/12/2023 01:00,0,,
1038,1,29/12/2023 19:37,29/12/2023 23:25,0,,
1037,1,29/12/2023 18:49,29/12/2023 19:13,0,,
1035,1,29/12/2023 15:26,29/12/2023 16:33,1,,
1034,1,29/12/2023 13:07,29/12/2023 13:32,1,,
1032,1,29/12/2023 10:32,29/12/2023 11:09,1,,
1033,1,29/12/2023 05:45,29/12/2023 08:55,1,,
1031,1,29/12/2023 01:45,29/12/2023 05:20,1,,
1030,1,29/12/2023 00:00,29/12/2023 01:30,1,,
1029,1,28/12/2023 20:10,29/12/2023 00:00,1,,
1028,1,28/12/2023 17:24,28/12/2023 18:15,1,,
1027,1,28/12/2023 16:50,28/12/2023 17:17,1,,
1026,1,28/12/2023 14:55,28/12/2023 14:56,1,,
1025,1,28/12/2023 13:05,28/12/2023 13:36,1,,
1022,1,28/12/2023 10:25,28/12/2023 10:59,1,,
1024,1,28/12/2023 06:10,28/12/2023 08:32,1,,
1023,1,28/12/2023 03:45,28/12/2023 05:30,1,,
1021,1,28/12/2023 00:00,28/12/2023 03:32,0,,
1020,1,27/12/2023 20:35,27/12/2023 23:59,0,,
1019,1,27/12/2023 18:26,27/12/2023 18:47,0,,
1018,1,27/12/2023 16:28,27/12/2023 16:50,1,,
1017,1,27/12/2023 13:39,27/12/2023 14:01,1,,
1014,1,27/12/2023 10:55,27/12/2023 11:38,1,,
1013,1,27/12/2023 09:05,27/12/2023 09:31,1,,
1016,1,27/12/2023 04:50,27/12/2023 06:55,1,,
1015,1,27/12/2023 01:50,27/12/2023 04:30,1,,
1012,1,27/12/2023 00:00,27/12/2023 01:30,0,,
1011,1,26/12/2023 20:26,26/12/2023 23:59,0,,
1010,1,26/12/2023 17:12,26/12/2023 18:52,1,,
1009,1,26/12/2023 14:25,26/12/2023 14:51,1,,
1008,1,26/12/2023 13:53,26/12/2023 14:15,1,,
1007,1,26/12/2023 11:23,26/12/2023 12:04,1,,
1005,1,26/12/2023 09:21,26/12/2023 09:31,1,,
1006,1,26/12/2023 04:02,26/12/2023 06:56,0,,
1004,1,26/12/2023 00:00,26/12/2023 03:26,0,,
1003,1,25/12/2023 19:40,25/12/2023 23:59,0,,
1002,1,25/12/2023 17:01,25/12/2023 17:38,1,,
1001,1,25/12/2023 13:28,25/12/2023 14:48,1,,
999,1,25/12/2023 12:23,25/12/2023 13:03,1,,
998,1,25/12/2023 09:32,25/12/2023 10:28,1,,
1000,1,25/12/2023 02:50,25/12/2023 07:25,0,,
997,1,25/12/2023 00:00,25/12/2023 02:30,0,,
996,1,24/12/2023 21:07,24/12/2023 23:59,0,,
994,1,24/12/2023 18:12,24/12/2023 18:52,0,,
993,1,24/12/2023 15:03,24/12/2023 15:51,1,,
990,1,24/12/2023 12:35,24/12/2023 13:20,1,,
989,1,24/12/2023 11:58,24/12/2023 12:10,1,,
988,1,24/12/2023 09:34,24/12/2023 09:41,1,,
992,1,24/12/2023 04:10,24/12/2023 07:19,1,,
991,1,24/12/2023 00:51,24/12/2023 03:55,1,,
987,1,24/12/2023 00:00,24/12/2023 00:30,0,,
986,1,23/12/2023 20:19,23/12/2023 23:59,0,,
983,1,23/12/2023 18:05,23/12/2023 18:29,0,,
982,1,23/12/2023 15:49,23/12/2023 16:17,1,,
981,1,23/12/2023 14:21,23/12/2023 14:44,1,,
980,1,23/12/2023 11:00,23/12/2023 12:17,1,,
985,1,23/12/2023 05:45,23/12/2023 07:15,0,,
984,1,23/12/2023 01:40,23/12/2023 05:30,0,,
979,1,23/12/2023 00:00,23/12/2023 01:30,0,,
978,1,22/12/2023 20:00,22/12/2023 23:59,0,,
977,1,22/12/2023 17:37,22/12/2023 18:09,1,,
976,1,22/12/2023 15:59,22/12/2023 16:31,1,,
975,1,22/12/2023 12:51,22/12/2023 13:15,1,,
974,1,22/12/2023 10:13,22/12/2023 11:27,1,,
973,1,22/12/2023 05:51,22/12/2023 07:25,0,,
972,1,22/12/2023 03:45,22/12/2023 05:37,0,,
971,1,22/12/2023 00:15,22/12/2023 03:31,0,,
970,1,21/12/2023 19:59,21/12/2023 23:59,0,,
969,1,21/12/2023 18:18,21/12/2023 18:35,0,,
968,1,21/12/2023 15:51,21/12/2023 16:22,1,,
967,1,21/12/2023 11:04,21/12/2023 13:14,1,,
966,1,21/12/2023 05:00,21/12/2023 07:40,1,,
965,1,21/12/2023 02:35,21/12/2023 04:40,1,,
964,1,21/12/2023 00:55,21/12/2023 02:15,1,,
963,1,21/12/2023 00:00,21/12/2023 00:38,0,,
962,1,20/12/2023 19:50,20/12/2023 23:59,0,,
961,1,20/12/2023 17:12,20/12/2023 17:42,1,,
960,1,20/12/2023 14:32,20/12/2023 15:12,1,,
959,1,20/12/2023 13:52,20/12/2023 14:21,1,,
958,1,20/12/2023 11:32,20/12/2023 11:50,1,,
957,1,20/12/2023 09:15,20/12/2023 09:40,1,,
956,1,20/12/2023 04:25,20/12/2023 06:37,1,,
955,1,20/12/2023 00:30,20/12/2023 03:59,1,,
954,1,20/12/2023 00:00,20/12/2023 00:05,0,,
953,1,19/12/2023 20:40,19/12/2023 23:59,0,,
952,1,19/12/2023 14:28,19/12/2023 14:58,1,,
951,1,19/12/2023 12:08,19/12/2023 13:10,1,,
950,1,19/12/2023 09:26,19/12/2023 10:12,1,,
949,1,19/12/2023 05:50,19/12/2023 08:07,1,,
948,1,19/12/2023 01:07,19/12/2023 03:52,0,,
947,1,19/12/2023 00:00,19/12/2023 00:54,0,,
946,1,18/12/2023 19:47,18/12/2023 23:59,0,,
945,1,18/12/2023 17:57,18/12/2023 17:57,1,,
944,1,18/12/2023 16:39,18/12/2023 17:24,1,,
943,1,18/12/2023 15:13,18/12/2023 16:26,1,,
942,1,18/12/2023 14:28,18/12/2023 14:58,1,,
941,1,18/12/2023 11:15,18/12/2023 11:40,1,,
940,1,18/12/2023 08:35,18/12/2023 09:31,1,,
939,1,18/12/2023 05:30,18/12/2023 07:06,0,,
938,1,18/12/2023 03:23,18/12/2023 05:18,0,,
937,1,18/12/2023 00:10,18/12/2023 02:49,0,,
936,1,17/12/2023 19:45,17/12/2023 23:43,0,,
935,1,17/12/2023 15:37,17/12/2023 16:26,1,,
934,1,17/12/2023 14:29,17/12/2023 15:28,1,,
933,1,17/12/2023 12:40,17/12/2023 12:56,1,,
931,1,17/12/2023 10:05,17/12/2023 10:37,1,,
930,1,17/12/2023 06:08,17/12/2023 07:20,1,,
929,1,17/12/2023 03:15,17/12/2023 05:57,0,,
932,1,17/12/2023 00:05,17/12/2023 03:00,0,,
928,1,16/12/2023 19:31,16/12/2023 23:49,0,,
927,1,16/12/2023 18:21,16/12/2023 18:49,0,,
926,1,16/12/2023 14:57,16/12/2023 15:25,1,,
925,1,16/12/2023 12:26,16/12/2023 12:58,1,,
924,1,16/12/2023 09:17,16/12/2023 09:56,1,,
923,1,16/12/2023 04:10,16/12/2023 05:15,0,,
922,1,16/12/2023 00:44,16/12/2023 03:50,0,,
921,1,16/12/2023 00:00,16/12/2023 00:07,0,,
920,1,15/12/2023 19:39,15/12/2023 23:59,0,,
919,1,15/12/2023 17:56,15/12/2023 18:18,1,,
918,1,15/12/2023 14:47,15/12/2023 15:19,1,,
917,1,15/12/2023 11:46,15/12/2023 12:53,1,,
916,1,15/12/2023 10:50,15/12/2023 11:21,1,,
915,1,15/12/2023 09:02,15/12/2023 09:26,1,,
914,1,15/12/2023 08:36,15/12/2023 08:36,1,,
913,1,15/12/2023 04:18,15/12/2023 06:48,0,,
912,1,15/12/2023 02:17,15/12/2023 04:07,0,,
911,1,15/12/2023 00:00,15/12/2023 01:50,0,,
910,1,14/12/2023 19:44,14/12/2023 23:59,0,,
909,1,14/12/2023 18:10,14/12/2023 18:28,0,,
907,1,14/12/2023 15:57,14/12/2023 16:21,1,,
906,1,14/12/2023 13:51,14/12/2023 14:21,1,,
908,1,14/12/2023 11:45,14/12/2023 12:15,1,,
905,1,14/12/2023 08:49,14/12/2023 09:19,1,,
904,1,14/12/2023 04:58,14/12/2023 07:08,0,,
903,1,14/12/2023 01:24,14/12/2023 04:36,0,,
902,1,14/12/2023 00:00,14/12/2023 01:06,0,,
901,1,13/12/2023 19:55,13/12/2023 23:59,0,,
900,1,13/12/2023 17:29,13/12/2023 17:50,1,,
899,1,13/12/2023 14:07,13/12/2023 14:14,1,,
898,1,13/12/2023 12:55,13/12/2023 13:53,1,,
897,1,13/12/2023 12:35,13/12/2023 12:44,1,,
896,1,13/12/2023 10:05,13/12/2023 10:47,1,,
895,1,13/12/2023 04:57,13/12/2023 07:29,0,,
894,1,13/12/2023 04:20,13/12/2023 04:29,0,,
893,1,13/12/2023 00:50,13/12/2023 04:20,0,,
892,1,13/12/2023 00:00,13/12/2023 00:28,0,,
891,1,12/12/2023 19:31,12/12/2023 23:59,0,,
890,1,12/12/2023 19:07,12/12/2023 19:09,0,,
889,1,12/12/2023 15:53,12/12/2023 16:19,1,,
888,1,12/12/2023 13:44,12/12/2023 14:21,1,,
887,1,12/12/2023 11:30,12/12/2023 11:50,1,,
886,1,12/12/2023 09:44,12/12/2023 10:01,1,,
885,1,12/12/2023 06:04,12/12/2023 08:00,0,,
883,1,12/12/2023 04:34,12/12/2023 05:47,0,,
882,1,12/12/2023 02:24,12/12/2023 04:20,0,,
884,1,12/12/2023 00:10,12/12/2023 02:00,0,,
881,1,11/12/2023 20:00,11/12/2023 23:42,0,,
880,1,11/12/2023 15:22,11/12/2023 15:59,1,,
879,1,11/12/2023 13:00,11/12/2023 13:08,1,,
878,1,11/12/2023 10:14,11/12/2023 10:55,1,,
877,1,11/12/2023 06:38,11/12/2023 08:00,1,,
876,1,11/12/2023 05:11,11/12/2023 06:28,0,,
875,1,11/12/2023 02:00,11/12/2023 04:52,0,,
874,1,11/12/2023 00:00,11/12/2023 01:32,0,,
873,1,10/12/2023 20:30,10/12/2023 23:59,0,,
872,1,10/12/2023 19:38,10/12/2023 19:39,0,,
871,1,10/12/2023 18:17,10/12/2023 18:19,0,,
870,1,10/12/2023 17:08,10/12/2023 17:56,1,,
869,1,10/12/2023 11:52,10/12/2023 12:32,1,,
868,1,10/12/2023 10:50,10/12/2023 11:30,1,,
867,1,10/12/2023 10:22,10/12/2023 10:34,1,,
866,1,10/12/2023 04:59,10/12/2023 07:53,0,,
865,1,10/12/2023 03:54,10/12/2023 04:18,0,,
864,1,10/12/2023 00:00,10/12/2023 03:07,0,,
863,1,09/12/2023 23:49,09/12/2023 23:59,0,,
862,1,09/12/2023 19:14,09/12/2023 23:34,0,,
861,1,09/12/2023 17:15,09/12/2023 17:40,1,,
860,1,09/12/2023 14:50,09/12/2023 15:14,1,,
859,1,09/12/2023 13:24,09/12/2023 13:30,1,,
858,1,09/12/2023 09:40,09/12/2023 11:25,1,,
857,1,09/12/2023 04:17,09/12/2023 07:05,0,,
856,1,09/12/2023 01:59,09/12/2023 04:00,0,,
854,1,08/12/2023 19:44,08/12/2023 22:39,0,,
853,1,08/12/2023 15:21,08/12/2023 16:12,1,,
852,1,08/12/2023 14:48,08/12/2023 15:13,1,,
851,1,08/12/2023 12:02,08/12/2023 12:49,1,,
850,1,08/12/2023 09:51,08/12/2023 10:31,1,,
849,1,08/12/2023 06:57,08/12/2023 08:34,1,,
848,1,08/12/2023 05:00,08/12/2023 06:36,0,,
847,1,08/12/2023 02:35,08/12/2023 04:38,0,,
846,1,08/12/2023 00:00,08/12/2023 02:08,0,,
845,1,07/12/2023 21:26,07/12/2023 23:59,0,,
844,1,07/12/2023 17:19,07/12/2023 18:33,1,,
843,1,07/12/2023 16:38,07/12/2023 16:56,1,,
842,1,07/12/2023 14:50,07/12/2023 15:01,1,,
841,1,07/12/2023 14:26,07/12/2023 14:38,1,,
840,1,07/12/2023 10:54,07/12/2023 12:08,1,,
839,1,07/12/2023 10:27,07/12/2023 10:44,1,,
838,1,07/12/2023 05:10,07/12/2023 08:16,0,,
837,1,07/12/2023 01:42,07/12/2023 04:40,0,,
836,1,07/12/2023 00:00,07/12/2023 01:21,0,,
835,1,06/12/2023 20:03,06/12/2023 23:59,0,,
834,1,06/12/2023 17:15,06/12/2023 17:50,1,,
833,1,06/12/2023 14:43,06/12/2023 15:15,1,,
832,1,06/12/2023 12:08,06/12/2023 12:35,1,,
831,1,06/12/2023 09:35,06/12/2023 10:12,1,,
830,1,06/12/2023 04:12,06/12/2023 07:39,0,,
829,1,06/12/2023 01:07,06/12/2023 03:12,0,,
828,1,06/12/2023 00:00,06/12/2023 00:51,0,,
827,1,05/12/2023 20:50,05/12/2023 23:59,0,,
826,1,05/12/2023 18:22,05/12/2023 20:33,0,,
825,1,05/12/2023 14:46,05/12/2023 15:44,1,,
824,1,05/12/2023 13:46,05/12/2023 14:14,1,,
822,1,05/12/2023 11:30,05/12/2023 12:04,1,,
821,1,05/12/2023 11:02,05/12/2023 11:27,1,,
820,1,05/12/2023 10:07,05/12/2023 10:39,1,,
819,1,05/12/2023 07:10,05/12/2023 08:25,1,,
823,1,05/12/2023 05:32,05/12/2023 06:25,1,,
818,1,05/12/2023 03:36,05/12/2023 05:21,0,,
817,1,05/12/2023 00:00,05/12/2023 03:18,0,,
816,1,04/12/2023 21:17,04/12/2023 23:59,0,,
815,1,04/12/2023 16:47,04/12/2023 17:32,1,,
814,1,04/12/2023 14:33,04/12/2023 15:03,1,,
813,1,04/12/2023 12:26,04/12/2023 12:49,1,,
812,1,04/12/2023 09:12,04/12/2023 10:15,1,,
811,1,04/12/2023 06:16,04/12/2023 07:12,1,,
810,1,04/12/2023 03:24,04/12/2023 05:49,0,,
809,1,04/12/2023 00:09,04/12/2023 02:58,0,,
808,1,03/12/2023 19:45,03/12/2023 23:55,0,,
806,1,03/12/2023 17:24,03/12/2023 17:29,1,,
807,1,03/12/2023 16:40,03/12/2023 17:05,1,,
805,1,03/12/2023 14:47,03/12/2023 15:17,1,,
804,1,03/12/2023 13:03,03/12/2023 13:24,1,,
803,1,03/12/2023 11:09,03/12/2023 11:44,1,,
802,1,03/12/2023 05:47,03/12/2023 08:36,0,,
800,1,03/12/2023 00:00,03/12/2023 03:32,0,,
799,1,02/12/2023 23:56,02/12/2023 23:59,0,,
798,1,02/12/2023 19:03,02/12/2023 23:46,0,,
797,1,02/12/2023 17:14,02/12/2023 17:53,1,,
796,1,02/12/2023 14:42,02/12/2023 15:30,1,,
795,1,02/12/2023 13:11,02/12/2023 13:13,1,,
794,1,02/12/2023 10:25,02/12/2023 11:10,1,,
793,1,02/12/2023 08:09,02/12/2023 09:08,1,,
792,1,02/12/2023 01:40,02/12/2023 07:02,0,,
791,1,02/12/2023 00:00,02/12/2023 01:20,0,,
790,1,01/12/2023 20:32,01/12/2023 23:59,0,,
789,1,01/12/2023 18:02,01/12/2023 18:43,0,,
788,1,01/12/2023 15:59,01/12/2023 16:20,1,,
787,1,01/12/2023 14:09,01/12/2023 14:18,1,,
786,1,01/12/2023 13:31,01/12/2023 13:56,1,,
785,1,01/12/2023 10:41,01/12/2023 11:29,1,,
784,1,01/12/2023 07:33,01/12/2023 07:45,1,,
783,1,01/12/2023 07:14,01/12/2023 07:21,1,,
782,1,01/12/2023 03:38,01/12/2023 06:52,0,,
781,1,01/12/2023 00:00,01/12/2023 03:02,0,,
780,1,30/11/2023 20:07,30/11/2023 23:59,0,,
779,1,30/11/2023 15:15,30/11/2023 16:05,0,,
778,1,30/11/2023 14:46,30/11/2023 15:04,1,,
777,1,30/11/2023 12:18,30/11/2023 12:54,1,,
776,1,30/11/2023 10:26,30/11/2023 10:42,1,,
775,1,30/11/2023 09:23,30/11/2023 10:03,1,,
774,1,30/11/2023 05:21,30/11/2023 07:25,0,,
773,1,30/11/2023 02:36,30/11/2023 05:02,0,,
772,1,30/11/2023 00:00,30/11/2023 02:14,0,,
771,1,29/11/2023 19:40,29/11/2023 23:59,0,,
770,1,29/11/2023 16:37,29/11/2023 17:14,1,,
769,1,29/11/2023 13:20,29/11/2023 13:54,1,,
768,1,29/11/2023 10:14,29/11/2023 11:05,1,,
767,1,29/11/2023 06:20,29/11/2023 08:17,1,,
766,1,29/11/2023 03:12,29/11/2023 05:56,0,,
765,1,29/11/2023 00:00,29/11/2023 02:23,0,,
764,1,28/11/2023 20:19,28/11/2023 23:59,0,,
763,1,28/11/2023 17:15,28/11/2023 18:06,1,,
762,1,28/11/2023 15:32,28/11/2023 15:38,1,,
761,1,28/11/2023 14:22,28/11/2023 14:46,1,,
760,1,28/11/2023 11:49,28/11/2023 12:17,1,,
759,1,28/11/2023 09:24,28/11/2023 10:04,1,,
758,1,28/11/2023 03:44,28/11/2023 06:51,0,,
757,1,28/11/2023 00:32,28/11/2023 03:27,0,,
756,1,27/11/2023 20:17,27/11/2023 23:53,0,,
755,1,27/11/2023 16:14,27/11/2023 17:27,1,,
754,1,27/11/2023 15:34,27/11/2023 16:08,1,,
753,1,27/11/2023 13:11,27/11/2023 13:44,1,,
752,1,27/11/2023 10:40,27/11/2023 11:24,1,,
751,1,27/11/2023 08:36,27/11/2023 09:05,1,,
750,1,27/11/2023 07:12,27/11/2023 08:05,1,,
749,1,27/11/2023 03:18,27/11/2023 06:50,0,,
748,1,27/11/2023 00:00,27/11/2023 02:28,0,,
747,1,26/11/2023 20:17,26/11/2023 23:59,0,,
746,1,26/11/2023 18:02,26/11/2023 18:23,0,,
744,1,26/11/2023 17:35,26/11/2023 17:40,1,,
743,1,26/11/2023 15:31,26/11/2023 15:49,1,,
742,1,26/11/2023 11:16,26/11/2023 13:32,1,,
741,1,26/11/2023 10:00,26/11/2023 10:13,1,,
740,1,26/11/2023 06:18,26/11/2023 08:35,1,,
739,1,26/11/2023 03:56,26/11/2023 06:18,0,,
738,1,26/11/2023 01:54,26/11/2023 03:43,0,,
737,1,26/11/2023 00:00,26/11/2023 01:29,0,,
736,1,25/11/2023 19:13,25/11/2023 23:59,0,,
735,1,25/11/2023 17:19,25/11/2023 17:56,1,,
734,1,25/11/2023 15:34,25/11/2023 15:56,1,,
733,1,25/11/2023 14:24,25/11/2023 14:35,1,,
732,1,25/11/2023 13:30,25/11/2023 14:05,1,,
731,1,25/11/2023 10:49,25/11/2023 11:04,1,,
730,1,25/11/2023 09:22,25/11/2023 09:42,1,,
729,1,25/11/2023 04:30,25/11/2023 07:55,0,,
728,1,25/11/2023 03:40,25/11/2023 03:44,0,,
727,1,25/11/2023 00:00,25/11/2023 03:15,0,,
726,1,24/11/2023 19:52,24/11/2023 23:59,0,,
725,1,24/11/2023 17:02,24/11/2023 17:23,1,,
724,1,24/11/2023 15:25,24/11/2023 15:31,1,,
723,1,24/11/2023 13:44,24/11/2023 15:08,1,,
722,1,24/11/2023 11:30,24/11/2023 12:10,1,,
721,1,24/11/2023 09:05,24/11/2023 09:25,1,,
720,1,24/11/2023 05:26,24/11/2023 07:13,0,,
719,1,24/11/2023 00:00,24/11/2023 05:07,0,,
718,1,23/11/2023 19:34,23/11/2023 23:59,0,,
717,1,23/11/2023 17:55,23/11/2023 18:17,0,,
716,1,23/11/2023 15:40,23/11/2023 16:30,0,,
714,1,23/11/2023 13:00,23/11/2023 13:30,1,,
715,1,23/11/2023 09:50,23/11/2023 11:30,0,,
713,1,23/11/2023 06:59,23/11/2023 08:13,1,,
712,1,23/11/2023 05:44,23/11/2023 06:47,0,,
711,1,23/11/2023 01:56,23/11/2023 05:18,0,,
710,1,23/11/2023 00:00,23/11/2023 01:32,0,,
709,1,22/11/2023 20:17,22/11/2023 23:59,0,,
708,1,22/11/2023 18:56,22/11/2023 19:15,0,,
707,1,22/11/2023 15:57,22/11/2023 16:30,1,,
706,1,22/11/2023 12:45,22/11/2023 13:20,1,,
705,1,22/11/2023 10:43,22/11/2023 10:53,1,,
704,1,22/11/2023 10:14,22/11/2023 10:35,1,,
703,1,22/11/2023 08:21,22/11/2023 08:26,1,,
702,1,22/11/2023 06:55,22/11/2023 08:01,1,,
701,1,22/11/2023 03:25,22/11/2023 06:42,0,,
700,1,22/11/2023 00:00,22/11/2023 03:07,0,,
699,1,21/11/2023 17:50,21/11/2023 18:24,1,,
698,1,21/11/2023 15:59,21/11/2023 16:23,1,,
697,1,21/11/2023 14:02,21/11/2023 14:35,1,,
696,1,21/11/2023 13:30,21/11/2023 13:54,1,,
695,1,21/11/2023 09:42,21/11/2023 10:21,1,,
694,1,21/11/2023 03:26,21/11/2023 07:32,0,,
693,1,21/11/2023 02:55,21/11/2023 02:58,0,,
692,1,21/11/2023 00:00,21/11/2023 02:31,0,,
691,1,20/11/2023 19:57,20/11/2023 23:59,0,,
690,1,20/11/2023 14:23,20/11/2023 16:17,1,,
689,1,20/11/2023 13:36,20/11/2023 13:57,1,,
688,1,20/11/2023 11:32,20/11/2023 11:55,1,,
687,1,20/11/2023 10:06,20/11/2023 10:24,1,,
686,1,20/11/2023 06:46,20/11/2023 07:57,1,,
685,1,20/11/2023 03:05,20/11/2023 06:31,0,,
684,1,20/11/2023 00:00,20/11/2023 02:47,0,,
683,1,19/11/2023 20:19,19/11/2023 23:59,0,,
682,1,19/11/2023 17:38,19/11/2023 18:01,1,,
681,1,19/11/2023 15:28,19/11/2023 15:42,1,,
680,1,19/11/2023 13:36,19/11/2023 13:54,1,,
679,1,19/11/2023 11:14,19/11/2023 11:44,1,,
678,1,19/11/2023 09:45,19/11/2023 09:54,1,,
677,1,19/11/2023 05:02,19/11/2023 08:01,0,,
676,1,19/11/2023 00:58,19/11/2023 04:41,0,,
675,1,19/11/2023 00:00,19/11/2023 00:38,0,,
674,1,18/11/2023 20:13,18/11/2023 23:59,0,,
673,1,18/11/2023 17:30,18/11/2023 17:50,1,,
672,1,18/11/2023 12:42,18/11/2023 13:22,1,,
671,1,18/11/2023 10:38,18/11/2023 11:19,1,,
670,1,18/11/2023 08:39,18/11/2023 09:44,1,,
669,1,18/11/2023 00:00,18/11/2023 06:44,0,,
668,1,17/11/2023 21:03,17/11/2023 23:59,0,,
667,1,17/11/2023 19:27,17/11/2023 19:27,0,,
666,1,17/11/2023 18:56,17/11/2023 19:27,0,,
665,1,17/11/2023 14:50,17/11/2023 16:41,1,,
664,1,17/11/2023 12:34,17/11/2023 12:47,1,,
663,1,17/11/2023 10:14,17/11/2023 11:09,1,,
662,1,17/11/2023 06:53,17/11/2023 07:43,1,,
661,1,17/11/2023 00:00,17/11/2023 06:35,0,,
660,1,16/11/2023 20:42,16/11/2023 23:59,0,,
659,1,16/11/2023 16:40,16/11/2023 17:20,1,,
658,1,16/11/2023 14:16,16/11/2023 14:45,1,,
657,1,16/11/2023 12:24,16/11/2023 13:29,1,,
656,1,16/11/2023 10:58,16/11/2023 11:23,1,,
654,1,16/11/2023 04:28,16/11/2023 07:27,0,,
655,1,15/11/2023 20:55,16/11/2023 04:05,1,,
653,1,15/11/2023 15:14,15/11/2023 17:23,1,,
652,1,15/11/2023 11:21,15/11/2023 11:47,1,,
651,1,15/11/2023 10:42,15/11/2023 11:12,1,,
650,1,15/11/2023 07:00,15/11/2023 08:10,1,,
649,1,15/11/2023 03:31,15/11/2023 06:48,0,,
648,1,15/11/2023 01:13,15/11/2023 03:00,0,,
647,1,15/11/2023 00:00,15/11/2023 01:00,0,,
646,1,14/11/2023 20:12,14/11/2023 23:59,0,,
645,1,14/11/2023 16:08,14/11/2023 16:41,1,,
644,1,14/11/2023 14:40,14/11/2023 15:00,1,,
643,1,14/11/2023 12:05,14/11/2023 12:35,1,,
642,1,14/11/2023 10:38,14/11/2023 11:00,1,,
641,1,14/11/2023 06:23,14/11/2023 09:04,1,,
640,1,14/11/2023 05:57,14/11/2023 06:04,0,,
639,1,14/11/2023 01:25,14/11/2023 05:26,0,,
638,1,14/11/2023 01:25,14/11/2023 01:25,0,,
637,1,14/11/2023 00:00,14/11/2023 01:10,0,,
636,1,13/11/2023 20:41,13/11/2023 23:59,0,,
635,1,13/11/2023 18:29,13/11/2023 18:46,0,,
634,1,13/11/2023 13:43,13/11/2023 16:15,1,,
633,1,13/11/2023 12:16,13/11/2023 12:26,1,,
632,1,13/11/2023 11:42,13/11/2023 12:07,1,,
631,1,13/11/2023 02:58,13/11/2023 07:50,0,,
630,1,13/11/2023 00:00,13/11/2023 02:19,0,,
629,1,12/11/2023 20:06,12/11/2023 23:59,0,,
628,1,12/11/2023 17:38,12/11/2023 17:56,1,,
627,1,12/11/2023 15:18,12/11/2023 15:48,1,,
626,1,12/11/2023 14:14,12/11/2023 14:36,1,,
625,1,12/11/2023 13:32,12/11/2023 14:01,1,,
624,1,12/11/2023 11:45,12/11/2023 12:00,1,,
623,1,12/11/2023 08:18,12/11/2023 09:56,1,,
622,1,12/11/2023 05:43,12/11/2023 07:01,0,,
621,1,12/11/2023 01:43,12/11/2023 05:21,0,,
620,1,12/11/2023 00:00,12/11/2023 01:29,0,,
619,1,11/11/2023 19:00,11/11/2023 23:59,0,,
618,1,11/11/2023 17:20,11/11/2023 18:04,1,,
617,1,11/11/2023 14:06,11/11/2023 14:46,1,,
616,1,11/11/2023 10:32,11/11/2023 11:49,1,,
615,1,11/11/2023 07:30,11/11/2023 08:27,1,,
614,1,11/11/2023 04:59,11/11/2023 07:03,0,,
613,1,11/11/2023 00:00,11/11/2023 04:22,0,,
612,1,10/11/2023 21:04,10/11/2023 23:59,0,,
611,1,10/11/2023 17:39,10/11/2023 18:18,1,,
610,1,10/11/2023 15:04,10/11/2023 15:27,1,,
609,1,10/11/2023 10:35,10/11/2023 11:05,1,,
608,1,10/11/2023 07:04,10/11/2023 09:34,1,,
607,1,10/11/2023 06:34,10/11/2023 06:47,1,,
606,1,10/11/2023 02:35,10/11/2023 06:05,0,,
605,1,10/11/2023 00:00,10/11/2023 02:10,0,,
604,1,09/11/2023 21:11,09/11/2023 23:59,0,,
603,1,09/11/2023 17:04,09/11/2023 18:09,1,,
602,1,09/11/2023 13:55,09/11/2023 14:40,1,,
601,1,09/11/2023 11:02,09/11/2023 12:32,1,,
600,1,09/11/2023 09:52,09/11/2023 10:36,1,,
599,1,09/11/2023 04:18,09/11/2023 07:23,0,,
598,1,09/11/2023 01:04,09/11/2023 04:00,0,,
597,1,09/11/2023 00:00,09/11/2023 00:43,0,,
596,1,08/11/2023 20:16,08/11/2023 23:59,0,,
595,1,08/11/2023 17:56,08/11/2023 18:25,1,,
593,1,08/11/2023 15:56,08/11/2023 16:14,1,,
594,1,08/11/2023 15:10,08/11/2023 15:35,1,,
592,1,08/11/2023 13:32,08/11/2023 14:05,1,,
591,1,08/11/2023 09:41,08/11/2023 10:53,1,,
590,1,08/11/2023 06:11,08/11/2023 07:18,1,,
589,1,08/11/2023 04:06,08/11/2023 05:55,0,,
588,1,08/11/2023 00:47,08/11/2023 03:48,0,,
587,1,08/11/2023 00:00,08/11/2023 00:33,0,,
586,1,07/11/2023 21:02,07/11/2023 23:59,0,,
585,1,07/11/2023 17:04,07/11/2023 17:56,1,,
584,1,07/11/2023 14:25,07/11/2023 14:57,1,,
583,1,07/11/2023 11:37,07/11/2023 12:22,1,,
582,1,07/11/2023 10:07,07/11/2023 10:11,1,,
581,1,07/11/2023 05:45,07/11/2023 08:46,0,,
580,1,07/11/2023 02:03,07/11/2023 04:55,0,,
579,1,06/11/2023 21:35,07/11/2023 01:39,0,,
578,1,06/11/2023 17:54,06/11/2023 18:22,1,,
577,1,06/11/2023 14:51,06/11/2023 17:07,1,,
576,1,06/11/2023 13:14,06/11/2023 13:27,1,,
575,1,06/11/2023 10:44,06/11/2023 11:20,1,,
574,1,06/11/2023 09:00,06/11/2023 09:34,1,,
573,1,06/11/2023 06:30,06/11/2023 07:32,1,,
572,1,06/11/2023 04:21,06/11/2023 06:14,0,,
571,1,06/11/2023 01:47,06/11/2023 03:57,0,,
570,1,06/11/2023 00:00,06/11/2023 01:34,0,,
569,1,05/11/2023 21:08,05/11/2023 23:59,0,,
568,1,05/11/2023 16:41,05/11/2023 17:04,1,,
567,1,05/11/2023 14:55,05/11/2023 15:17,1,,
566,1,05/11/2023 14:10,05/11/2023 14:40,1,,
565,1,05/11/2023 11:56,05/11/2023 12:30,1,,
564,1,05/11/2023 11:21,05/11/2023 11:43,1,,
563,1,05/11/2023 10:43,05/11/2023 11:12,1,,
562,1,05/11/2023 07:54,05/11/2023 09:12,1,,
561,1,05/11/2023 04:08,05/11/2023 07:19,0,,
560,1,05/11/2023 01:20,05/11/2023 03:46,0,,
559,1,05/11/2023 00:00,05/11/2023 01:06,0,,
558,1,04/11/2023 20:33,04/11/2023 23:59,0,,
557,1,04/11/2023 17:14,04/11/2023 17:54,1,,
556,1,04/11/2023 14:02,04/11/2023 15:05,1,,
555,1,04/11/2023 11:32,04/11/2023 11:53,1,,
554,1,04/11/2023 08:25,04/11/2023 08:59,1,,
553,1,04/11/2023 06:43,04/11/2023 08:14,1,,
552,1,04/11/2023 05:25,04/11/2023 05:40,0,,
551,1,04/11/2023 04:02,04/11/2023 05:16,0,,
550,1,04/11/2023 01:19,04/11/2023 03:48,0,,
549,1,04/11/2023 00:00,04/11/2023 01:00,0,,
548,1,03/11/2023 20:46,03/11/2023 23:59,0,,
547,1,03/11/2023 18:34,03/11/2023 19:06,0,,
546,1,03/11/2023 17:09,03/11/2023 17:20,1,,
545,1,03/11/2023 14:34,03/11/2023 15:33,1,,
544,1,03/11/2023 14:00,03/11/2023 14:18,1,,
543,1,03/11/2023 12:17,03/11/2023 12:47,1,,
542,1,03/11/2023 11:19,03/11/2023 11:34,1,,
541,1,03/11/2023 10:37,03/11/2023 11:04,1,,
540,1,03/11/2023 07:45,03/11/2023 08:40,0,,
539,1,03/11/2023 04:42,03/11/2023 07:27,0,,
538,1,03/11/2023 00:55,03/11/2023 04:14,0,,
537,1,03/11/2023 00:00,03/11/2023 00:30,0,,
536,1,02/11/2023 18:50,02/11/2023 23:59,0,,
535,1,02/11/2023 15:50,02/11/2023 16:14,1,,
534,1,02/11/2023 13:21,02/11/2023 13:44,1,,
533,1,02/11/2023 10:25,02/11/2023 11:27,1,,
532,1,02/11/2023 05:09,02/11/2023 08:34,0,,
531,1,02/11/2023 00:00,02/11/2023 04:46,0,,
530,1,01/11/2023 20:48,01/11/2023 23:59,0,,
529,1,01/11/2023 17:18,01/11/2023 17:45,1,,
528,1,01/11/2023 15:08,01/11/2023 15:33,1,,
527,1,01/11/2023 12:40,01/11/2023 13:13,1,,
526,1,01/11/2023 09:54,01/11/2023 10:30,1,,
525,1,01/11/2023 05:10,01/11/2023 07:52,0,,
524,1,01/11/2023 00:00,01/11/2023 04:46,0,,
523,1,31/10/2023 21:29,31/10/2023 23:59,0,,
522,1,31/10/2023 17:32,31/10/2023 18:21,1,,
521,1,31/10/2023 16:46,31/10/2023 17:27,1,,
520,1,31/10/2023 14:04,31/10/2023 14:52,1,,
519,1,31/10/2023 11:55,31/10/2023 12:22,1,,
518,1,31/10/2023 11:37,31/10/2023 11:46,1,,
517,1,31/10/2023 09:23,31/10/2023 10:03,1,,
516,1,31/10/2023 06:48,31/10/2023 07:37,1,,
515,1,31/10/2023 02:32,31/10/2023 05:37,0,,
514,1,31/10/2023 00:00,31/10/2023 02:09,0,,
513,1,30/10/2023 21:09,30/10/2023 23:59,0,,
512,1,30/10/2023 17:41,30/10/2023 18:04,1,,
511,1,30/10/2023 14:45,30/10/2023 16:02,1,,
510,1,30/10/2023 14:06,30/10/2023 14:25,1,,
509,1,30/10/2023 11:56,30/10/2023 12:44,1,,
508,1,30/10/2023 09:54,30/10/2023 10:23,1,,
507,1,30/10/2023 07:03,30/10/2023 08:07,1,,
506,1,30/10/2023 02:56,30/10/2023 06:38,0,,
505,1,30/10/2023 00:00,30/10/2023 02:34,0,,
504,1,29/10/2023 21:12,29/10/2023 23:59,0,,
503,1,29/10/2023 16:42,29/10/2023 16:59,1,,
502,1,29/10/2023 14:51,29/10/2023 14:56,1,,
501,1,29/10/2023 13:58,29/10/2023 14:41,1,,
500,1,29/10/2023 11:00,29/10/2023 11:48,1,,
499,1,29/10/2023 09:15,29/10/2023 09:53,1,,
498,1,29/10/2023 06:54,29/10/2023 07:53,1,,
497,1,29/10/2023 06:22,29/10/2023 06:25,1,,
496,1,29/10/2023 02:59,29/10/2023 06:02,0,,
495,1,29/10/2023 00:00,29/10/2023 02:40,0,,
494,1,28/10/2023 21:06,28/10/2023 23:59,0,,
493,1,28/10/2023 19:23,28/10/2023 19:39,0,,
492,1,28/10/2023 17:45,28/10/2023 17:59,1,,
491,1,28/10/2023 17:14,28/10/2023 17:43,1,,
490,1,28/10/2023 15:24,28/10/2023 15:35,1,,
489,1,28/10/2023 14:54,28/10/2023 15:07,1,,
488,1,28/10/2023 14:09,28/10/2023 14:37,1,,
487,1,28/10/2023 11:45,28/10/2023 12:30,1,,
486,1,28/10/2023 10:09,28/10/2023 10:42,1,,
485,1,28/10/2023 04:49,28/10/2023 08:01,0,,
484,1,27/10/2023 21:30,28/10/2023 04:15,0,,
483,1,27/10/2023 17:33,27/10/2023 17:53,1,,
482,1,27/10/2023 14:55,27/10/2023 15:44,1,,
481,1,27/10/2023 14:20,27/10/2023 14:46,1,,
480,1,27/10/2023 11:32,27/10/2023 12:21,1,,
479,1,27/10/2023 07:10,27/10/2023 08:20,1,,
478,1,27/10/2023 05:49,27/10/2023 06:59,0,,
477,1,27/10/2023 03:14,27/10/2023 05:21,0,,
476,1,27/10/2023 00:00,27/10/2023 02:54,0,,
475,1,26/10/2023 21:39,26/10/2023 23:59,0,,
474,1,26/10/2023 18:49,26/10/2023 19:18,0,,
473,1,26/10/2023 16:09,26/10/2023 16:39,1,,
472,1,26/10/2023 13:55,26/10/2023 15:45,1,,
471,1,26/10/2023 13:35,26/10/2023 13:40,1,,
470,1,26/10/2023 11:33,26/10/2023 12:02,1,,
469,1,26/10/2023 09:37,26/10/2023 09:54,1,,
468,1,26/10/2023 08:16,26/10/2023 09:28,1,,
467,1,26/10/2023 04:47,26/10/2023 07:54,0,,
466,1,26/10/2023 00:00,26/10/2023 04:25,0,,
465,1,25/10/2023 22:56,25/10/2023 23:59,0,,
464,1,25/10/2023 21:47,25/10/2023 22:27,0,,
463,1,25/10/2023 20:08,25/10/2023 20:30,0,,
462,1,25/10/2023 18:26,25/10/2023 18:28,0,,
461,1,25/10/2023 17:44,25/10/2023 18:11,1,,
460,1,25/10/2023 16:25,25/10/2023 16:26,1,,
459,1,25/10/2023 15:39,25/10/2023 16:18,1,,
458,1,25/10/2023 12:54,25/10/2023 13:43,1,,
457,1,25/10/2023 10:00,25/10/2023 10:39,1,,
456,1,25/10/2023 07:55,25/10/2023 08:35,1,,
455,1,25/10/2023 03:21,25/10/2023 07:07,0,,
454,1,24/10/2023 21:30,25/10/2023 02:55,0,,
453,1,24/10/2023 17:10,24/10/2023 17:40,1,,
452,1,24/10/2023 14:48,24/10/2023 15:27,1,,
451,1,24/10/2023 14:29,24/10/2023 14:43,1,,
450,1,24/10/2023 10:44,24/10/2023 11:28,1,,
449,1,24/10/2023 06:38,24/10/2023 09:23,1,,
448,1,24/10/2023 04:29,24/10/2023 06:21,0,,
447,1,24/10/2023 01:39,24/10/2023 04:10,0,,
446,1,24/10/2023 00:00,24/10/2023 01:11,0,,
445,1,23/10/2023 22:14,23/10/2023 23:59,0,,
444,1,23/10/2023 21:16,23/10/2023 22:14,0,,
443,1,23/10/2023 19:42,23/10/2023 19:53,0,,
442,1,23/10/2023 16:16,23/10/2023 17:51,1,,
441,1,23/10/2023 14:44,23/10/2023 15:48,1,,
440,1,23/10/2023 13:20,23/10/2023 14:29,1,,
439,1,23/10/2023 12:08,23/10/2023 12:11,1,,
438,1,23/10/2023 11:12,23/10/2023 12:02,1,,
437,1,23/10/2023 10:10,23/10/2023 10:30,1,,
436,1,23/10/2023 09:04,23/10/2023 09:49,1,,
435,1,23/10/2023 06:50,23/10/2023 08:03,1,,
434,1,23/10/2023 02:49,23/10/2023 06:26,0,,
433,1,23/10/2023 00:00,23/10/2023 02:29,0,,
432,1,22/10/2023 22:28,22/10/2023 23:59,0,,
431,1,22/10/2023 15:33,22/10/2023 16:00,1,,
430,1,22/10/2023 13:29,22/10/2023 14:21,1,,
429,1,22/10/2023 12:07,22/10/2023 12:19,1,,
428,1,22/10/2023 11:37,22/10/2023 11:45,1,,
427,1,22/10/2023 10:04,22/10/2023 10:43,1,,
426,1,22/10/2023 06:29,22/10/2023 08:33,1,,
425,1,22/10/2023 05:13,22/10/2023 06:16,0,,
424,1,22/10/2023 01:41,22/10/2023 04:46,0,,
423,1,22/10/2023 00:00,22/10/2023 01:22,0,,
422,1,21/10/2023 21:51,21/10/2023 23:59,0,,
421,1,21/10/2023 17:47,21/10/2023 17:56,1,,
420,1,21/10/2023 14:56,21/10/2023 15:24,1,,
419,1,21/10/2023 12:28,21/10/2023 13:20,1,,
418,1,21/10/2023 10:30,21/10/2023 10:56,1,,
417,1,21/10/2023 03:55,21/10/2023 07:51,0,,
416,1,21/10/2023 00:00,21/10/2023 03:30,0,,
415,1,20/10/2023 22:52,20/10/2023 23:59,0,,
414,1,20/10/2023 19:49,20/10/2023 20:48,0,,
413,1,20/10/2023 18:02,20/10/2023 18:51,0,,
412,1,20/10/2023 15:51,20/10/2023 16:29,1,,
411,1,20/10/2023 15:22,20/10/2023 15:44,1,,
410,1,20/10/2023 14:46,20/10/2023 15:12,1,,
409,1,20/10/2023 10:16,20/10/2023 11:01,1,,
408,1,20/10/2023 06:04,20/10/2023 08:44,1,,
407,1,20/10/2023 00:00,20/10/2023 05:47,0,,
406,1,19/10/2023 23:25,19/10/2023 23:59,0,,
405,1,19/10/2023 22:48,19/10/2023 22:48,0,,
404,1,19/10/2023 21:01,19/10/2023 21:23,0,,
403,1,19/10/2023 15:26,19/10/2023 16:30,1,,
402,1,19/10/2023 13:34,19/10/2023 14:43,1,,
401,1,19/10/2023 10:25,19/10/2023 12:25,1,In the buggy,
399,1,19/10/2023 05:55,19/10/2023 07:58,0,,
400,1,19/10/2023 04:30,19/10/2023 05:30,1,,
398,1,19/10/2023 00:00,19/10/2023 03:56,0,,
397,1,18/10/2023 21:29,18/10/2023 23:59,0,,
396,1,18/10/2023 21:21,18/10/2023 21:28,0,,
395,1,18/10/2023 17:55,18/10/2023 18:27,1,,
394,1,18/10/2023 17:03,18/10/2023 17:44,1,,
393,1,18/10/2023 16:23,18/10/2023 16:33,1,,
392,1,18/10/2023 13:52,18/10/2023 14:32,1,,
391,1,18/10/2023 10:42,18/10/2023 11:45,1,,
390,1,18/10/2023 07:15,18/10/2023 08:50,1,,
389,1,18/10/2023 04:11,18/10/2023 06:51,0,,
388,1,18/10/2023 00:00,18/10/2023 03:35,0,,
387,1,17/10/2023 22:20,17/10/2023 23:59,0,,
386,1,17/10/2023 17:30,17/10/2023 18:20,0,,
385,1,17/10/2023 16:04,17/10/2023 16:16,1,,
384,1,17/10/2023 15:13,17/10/2023 16:04,1,,
383,1,17/10/2023 14:22,17/10/2023 15:02,1,,
382,1,17/10/2023 12:00,17/10/2023 12:21,1,,
381,1,17/10/2023 09:34,17/10/2023 10:25,1,,
380,1,17/10/2023 04:30,17/10/2023 07:44,0,,
379,1,17/10/2023 00:00,17/10/2023 03:46,0,,
378,1,16/10/2023 22:10,16/10/2023 23:59,0,,
377,1,16/10/2023 18:03,16/10/2023 18:13,0,,
376,1,16/10/2023 16:51,16/10/2023 17:48,1,,
375,1,16/10/2023 16:29,16/10/2023 16:43,1,,
374,1,16/10/2023 15:41,16/10/2023 16:01,1,,
373,1,16/10/2023 14:36,16/10/2023 14:44,1,,
372,1,16/10/2023 12:22,16/10/2023 13:02,1,,
371,1,16/10/2023 11:42,16/10/2023 12:18,1,,
370,1,16/10/2023 07:33,16/10/2023 09:35,1,,
369,1,16/10/2023 06:40,16/10/2023 06:50,1,,
368,1,16/10/2023 00:29,16/10/2023 06:09,0,,
367,1,16/10/2023 00:00,16/10/2023 00:25,0,,
366,1,15/10/2023 23:32,15/10/2023 23:59,0,,
365,1,15/10/2023 21:17,15/10/2023 22:48,0,,
364,1,15/10/2023 18:40,15/10/2023 18:55,0,,
363,1,15/10/2023 16:59,15/10/2023 17:14,1,,
362,1,15/10/2023 16:44,15/10/2023 16:51,1,,
361,1,15/10/2023 16:01,15/10/2023 16:28,1,,
360,1,15/10/2023 13:37,15/10/2023 13:51,1,,
359,1,15/10/2023 13:03,15/10/2023 13:33,1,,
358,1,15/10/2023 10:25,15/10/2023 10:49,1,,
357,1,15/10/2023 06:54,15/10/2023 08:26,0,,
356,1,15/10/2023 03:04,15/10/2023 05:53,0,,
355,1,15/10/2023 00:00,15/10/2023 02:27,0,,
354,1,14/10/2023 21:47,14/10/2023 23:59,0,,
353,1,14/10/2023 19:19,14/10/2023 19:48,1,,
352,1,14/10/2023 16:06,14/10/2023 16:43,1,,
351,1,14/10/2023 14:06,14/10/2023 14:42,1,,
350,1,14/10/2023 11:58,14/10/2023 12:44,1,,
349,1,14/10/2023 11:07,14/10/2023 11:35,1,,
348,1,14/10/2023 08:28,14/10/2023 09:26,1,,
347,1,14/10/2023 04:38,14/10/2023 07:30,0,,
346,1,14/10/2023 00:00,14/10/2023 03:42,0,,
345,1,13/10/2023 21:47,13/10/2023 23:59,0,,
344,1,13/10/2023 17:17,13/10/2023 17:50,1,,
343,1,13/10/2023 13:30,13/10/2023 13:50,1,,
342,1,13/10/2023 12:46,13/10/2023 13:19,1,,
341,1,13/10/2023 09:54,13/10/2023 11:19,1,,
339,1,13/10/2023 03:10,13/10/2023 06:37,0,,
340,1,12/10/2023 22:00,13/10/2023 02:20,1,,
338,1,12/10/2023 14:06,12/10/2023 16:39,1,,
337,1,12/10/2023 14:01,12/10/2023 14:04,1,,
336,1,12/10/2023 13:21,12/10/2023 13:52,1,,
335,1,12/10/2023 11:36,12/10/2023 12:13,1,,
334,1,12/10/2023 09:25,12/10/2023 10:15,1,,
333,1,12/10/2023 06:09,12/10/2023 09:09,1,,
332,1,12/10/2023 00:25,12/10/2023 05:24,0,,
331,1,11/10/2023 22:10,11/10/2023 23:20,0,,
330,1,11/10/2023 16:48,11/10/2023 17:43,1,,
329,1,11/10/2023 14:39,11/10/2023 15:08,1,,
326,1,11/10/2023 10:04,11/10/2023 11:15,1,,
328,1,11/10/2023 07:30,11/10/2023 08:15,1,,
327,1,11/10/2023 04:00,11/10/2023 06:50,1,,
325,1,11/10/2023 00:00,11/10/2023 03:11,0,,
324,1,10/10/2023 21:05,10/10/2023 23:59,0,,
322,1,10/10/2023 15:54,10/10/2023 15:54,1,,
321,1,10/10/2023 14:37,10/10/2023 15:28,1,,
323,1,10/10/2023 09:45,10/10/2023 12:10,1,,
320,1,10/10/2023 07:52,10/10/2023 08:39,1,,
319,1,10/10/2023 05:42,10/10/2023 06:35,0,,
318,1,10/10/2023 02:12,10/10/2023 05:01,0,,
317,1,10/10/2023 00:00,10/10/2023 01:40,0,,
316,1,09/10/2023 21:03,09/10/2023 23:59,0,,
315,1,09/10/2023 17:20,09/10/2023 18:35,1,,
314,1,09/10/2023 16:58,09/10/2023 16:58,1,,
313,1,09/10/2023 14:55,09/10/2023 15:34,1,,
312,1,09/10/2023 12:59,09/10/2023 13:20,1,,
311,1,09/10/2023 09:29,09/10/2023 10:29,1,,
310,1,09/10/2023 05:46,09/10/2023 07:48,0,,
309,1,09/10/2023 00:00,09/10/2023 04:46,0,,
308,1,08/10/2023 23:04,08/10/2023 23:59,0,,
307,1,08/10/2023 21:56,08/10/2023 22:51,0,,
306,1,08/10/2023 16:44,08/10/2023 18:18,1,,
305,1,08/10/2023 16:31,08/10/2023 16:39,1,,
304,1,08/10/2023 13:41,08/10/2023 14:49,1,,
303,1,08/10/2023 07:14,08/10/2023 08:29,1,,
302,1,08/10/2023 03:18,08/10/2023 06:40,0,,
301,1,08/10/2023 00:00,08/10/2023 02:39,0,,
300,1,07/10/2023 21:54,07/10/2023 23:59,0,,
299,1,07/10/2023 19:09,07/10/2023 19:47,0,,
298,1,07/10/2023 15:45,07/10/2023 16:58,1,,
297,1,07/10/2023 12:42,07/10/2023 13:17,1,,
296,1,07/10/2023 11:30,07/10/2023 12:40,1,,
294,1,07/10/2023 07:17,07/10/2023 08:30,1,,
293,1,07/10/2023 02:59,07/10/2023 06:38,0,,
292,1,07/10/2023 00:00,07/10/2023 02:18,0,,
295,1,06/10/2023 22:00,06/10/2023 23:58,1,,
291,1,06/10/2023 17:23,06/10/2023 18:52,1,,
290,1,06/10/2023 11:38,06/10/2023 13:32,1,,
289,1,06/10/2023 09:45,06/10/2023 10:36,1,,
288,1,06/10/2023 08:07,06/10/2023 08:14,1,,
287,1,06/10/2023 03:48,06/10/2023 06:29,0,,
286,1,06/10/2023 00:00,06/10/2023 02:48,0,,
285,1,05/10/2023 21:31,05/10/2023 23:59,0,,
284,1,05/10/2023 20:56,05/10/2023 21:16,0,,
283,1,05/10/2023 18:18,05/10/2023 18:42,0,,
282,1,05/10/2023 16:20,05/10/2023 17:09,1,,
281,1,05/10/2023 15:09,05/10/2023 15:41,1,,
280,1,05/10/2023 10:21,05/10/2023 11:05,1,,
279,1,05/10/2023 08:50,05/10/2023 09:22,1,,
278,1,05/10/2023 08:24,05/10/2023 08:25,1,,
277,1,05/10/2023 05:58,05/10/2023 07:19,0,,
276,1,05/10/2023 02:03,05/10/2023 05:10,0,,
275,1,05/10/2023 00:00,05/10/2023 01:18,0,,
274,1,04/10/2023 21:26,04/10/2023 23:59,0,,
273,1,04/10/2023 17:43,04/10/2023 18:01,1,,
272,1,04/10/2023 15:46,04/10/2023 16:57,1,,
271,1,04/10/2023 13:47,04/10/2023 14:25,1,,
270,1,04/10/2023 12:58,04/10/2023 13:35,1,,
269,1,04/10/2023 11:42,04/10/2023 11:54,1,,
268,1,04/10/2023 11:07,04/10/2023 11:31,1,,
267,1,04/10/2023 09:51,04/10/2023 10:05,1,,
266,1,04/10/2023 06:38,04/10/2023 07:33,1,,
265,1,04/10/2023 03:37,04/10/2023 06:08,0,,
264,1,04/10/2023 00:00,04/10/2023 02:22,0,,
263,1,03/10/2023 21:01,03/10/2023 23:59,0,,
262,1,03/10/2023 18:32,03/10/2023 19:35,0,,
261,1,03/10/2023 16:35,03/10/2023 17:33,1,,
260,1,03/10/2023 13:51,03/10/2023 15:03,1,,
259,1,03/10/2023 10:50,03/10/2023 10:54,1,,
258,1,03/10/2023 08:42,03/10/2023 09:28,1,,
257,1,03/10/2023 07:50,03/10/2023 07:57,1,,
256,1,03/10/2023 04:38,03/10/2023 06:57,0,,
255,1,03/10/2023 01:30,03/10/2023 03:55,0,,
254,1,03/10/2023 00:00,03/10/2023 00:31,0,,
253,1,02/10/2023 21:54,02/10/2023 23:59,0,,
252,1,02/10/2023 17:12,02/10/2023 18:08,1,,
251,1,02/10/2023 10:21,02/10/2023 13:35,1,,
250,1,02/10/2023 07:46,02/10/2023 08:55,1,,
249,1,02/10/2023 06:38,02/10/2023 07:25,1,,
248,1,02/10/2023 03:18,02/10/2023 05:26,0,,
247,1,02/10/2023 00:00,02/10/2023 02:51,0,,
246,1,01/10/2023 22:12,01/10/2023 23:59,0,,
245,1,01/10/2023 20:20,01/10/2023 20:44,0,,
244,1,01/10/2023 20:20,01/10/2023 20:20,0,,
243,1,01/10/2023 19:43,01/10/2023 20:07,0,,
242,1,01/10/2023 15:41,01/10/2023 17:20,1,,
241,1,01/10/2023 13:53,01/10/2023 13:55,1,,
240,1,01/10/2023 12:11,01/10/2023 13:45,1,,
239,1,01/10/2023 09:12,01/10/2023 10:30,1,,
238,1,01/10/2023 08:08,01/10/2023 08:33,1,,
237,1,01/10/2023 02:45,01/10/2023 07:11,0,,
236,1,01/10/2023 00:00,01/10/2023 01:33,0,,
235,1,30/09/2023 22:32,30/09/2023 23:59,0,,
234,1,30/09/2023 21:17,30/09/2023 21:33,0,,
233,1,30/09/2023 18:25,30/09/2023 18:45,0,,
232,1,30/09/2023 13:50,30/09/2023 16:07,1,,
231,1,30/09/2023 10:50,30/09/2023 11:13,1,,
230,1,30/09/2023 06:38,30/09/2023 07:18,1,,
229,1,30/09/2023 03:13,30/09/2023 05:48,0,,
228,1,30/09/2023 00:00,30/09/2023 02:04,0,,
227,1,29/09/2023 21:33,29/09/2023 23:59,0,,
226,1,29/09/2023 19:28,29/09/2023 19:41,1,,
225,1,29/09/2023 15:11,29/09/2023 16:48,1,,
224,1,29/09/2023 15:11,29/09/2023 15:11,1,,
223,1,29/09/2023 13:37,29/09/2023 14:48,1,,
222,1,29/09/2023 11:30,29/09/2023 11:59,1,,
221,1,29/09/2023 10:49,29/09/2023 11:07,1,,
220,1,29/09/2023 05:34,29/09/2023 07:22,0,,
219,1,29/09/2023 01:42,29/09/2023 04:34,0,,
218,1,29/09/2023 00:00,29/09/2023 00:22,0,,
217,1,28/09/2023 22:03,28/09/2023 23:59,0,,
214,1,28/09/2023 17:28,28/09/2023 19:50,1,,
213,1,28/09/2023 16:09,28/09/2023 17:16,1,,
212,1,28/09/2023 12:30,28/09/2023 14:48,1,,
211,1,28/09/2023 10:07,28/09/2023 10:30,1,,
210,1,28/09/2023 07:59,28/09/2023 08:54,1,,
216,1,28/09/2023 03:00,28/09/2023 06:50,0,,
215,1,28/09/2023 00:00,28/09/2023 02:00,0,,
209,1,27/09/2023 22:43,27/09/2023 23:59,0,,
208,1,27/09/2023 21:00,27/09/2023 22:14,0,,
207,1,27/09/2023 18:27,27/09/2023 19:12,0,,
206,1,27/09/2023 14:45,27/09/2023 15:06,1,,
205,1,27/09/2023 13:46,27/09/2023 14:26,1,,
204,1,27/09/2023 09:04,27/09/2023 10:04,1,,
203,1,27/09/2023 06:32,27/09/2023 07:55,1,,
202,1,27/09/2023 05:14,27/09/2023 05:56,0,,
201,1,27/09/2023 01:46,27/09/2023 04:20,0,,
200,1,26/09/2023 20:40,26/09/2023 23:59,0,,
199,1,26/09/2023 18:26,26/09/2023 19:25,0,,
196,1,26/09/2023 13:52,26/09/2023 15:11,1,,
195,1,26/09/2023 09:30,26/09/2023 10:07,1,,
194,1,26/09/2023 06:52,26/09/2023 09:16,1,,
198,1,26/09/2023 03:40,26/09/2023 06:00,0,,
197,1,26/09/2023 00:40,26/09/2023 03:00,0,,
193,1,25/09/2023 20:52,25/09/2023 23:59,0,,
192,1,25/09/2023 18:56,25/09/2023 19:14,0,,
191,1,25/09/2023 12:21,25/09/2023 14:10,1,,
190,1,25/09/2023 09:49,25/09/2023 10:36,1,,
189,1,25/09/2023 07:35,25/09/2023 08:35,1,,
188,1,25/09/2023 06:30,25/09/2023 07:15,1,,
187,1,25/09/2023 02:45,25/09/2023 05:35,0,,
186,1,25/09/2023 00:00,25/09/2023 02:15,0,,
185,1,24/09/2023 22:20,24/09/2023 23:59,0,,
184,1,24/09/2023 18:22,24/09/2023 18:50,0,,
183,1,24/09/2023 16:07,24/09/2023 16:49,1,,
182,1,24/09/2023 13:20,24/09/2023 14:30,1,,
179,1,24/09/2023 11:22,24/09/2023 13:11,1,,
178,1,24/09/2023 09:37,24/09/2023 10:11,1,,
177,1,24/09/2023 09:09,24/09/2023 09:17,1,,
181,1,24/09/2023 07:00,24/09/2023 07:53,1,,
180,1,24/09/2023 04:43,24/09/2023 06:32,1,,
176,1,24/09/2023 01:08,24/09/2023 03:40,0,,
175,1,23/09/2023 21:38,23/09/2023 23:54,0,,
174,1,23/09/2023 21:26,23/09/2023 21:34,0,,
173,1,23/09/2023 17:31,23/09/2023 19:47,1,,
172,1,23/09/2023 17:17,23/09/2023 17:27,1,,
168,1,23/09/2023 16:53,23/09/2023 17:10,1,,
167,1,23/09/2023 13:11,23/09/2023 13:28,1,,
166,1,23/09/2023 09:22,23/09/2023 10:58,1,,
165,1,23/09/2023 08:29,23/09/2023 08:58,1,,
171,1,23/09/2023 06:20,23/09/2023 07:50,1,,
170,1,23/09/2023 05:30,23/09/2023 05:53,1,,
169,1,23/09/2023 02:50,23/09/2023 04:50,1,,
164,1,22/09/2023 23:59,23/09/2023 02:00,0,,
163,1,22/09/2023 20:51,22/09/2023 23:59,0,,
159,1,22/09/2023 20:01,22/09/2023 20:16,0,,
162,1,22/09/2023 15:30,22/09/2023 16:54,0,,
158,1,22/09/2023 14:20,22/09/2023 14:50,1,,
157,1,22/09/2023 12:59,22/09/2023 13:34,1,,
156,1,22/09/2023 11:35,22/09/2023 12:25,1,,
155,1,22/09/2023 09:37,22/09/2023 10:16,1,,
161,1,22/09/2023 06:15,22/09/2023 08:00,0,,
160,1,22/09/2023 02:20,22/09/2023 05:45,0,,
154,1,22/09/2023 01:09,22/09/2023 01:14,0,,
153,1,22/09/2023 00:13,22/09/2023 00:44,0,,
152,1,21/09/2023 21:34,21/09/2023 22:51,0,,
151,1,21/09/2023 16:44,21/09/2023 18:21,1,,
150,1,21/09/2023 14:56,21/09/2023 16:44,1,,
149,1,21/09/2023 12:59,21/09/2023 14:04,1,,
148,1,21/09/2023 12:38,21/09/2023 12:50,1,,
145,1,21/09/2023 09:21,21/09/2023 12:00,1,,
147,1,21/09/2023 07:20,21/09/2023 07:50,1,,
146,1,21/09/2023 03:50,21/09/2023 06:00,1,,
144,1,21/09/2023 00:45,21/09/2023 03:00,0,,
143,1,20/09/2023 23:59,21/09/2023 00:36,0,,
142,1,20/09/2023 23:46,20/09/2023 23:59,0,,
141,1,20/09/2023 21:50,20/09/2023 22:39,0,,
140,1,20/09/2023 19:52,20/09/2023 20:33,0,,
139,1,20/09/2023 16:25,20/09/2023 18:00,1,,
138,1,20/09/2023 14:48,20/09/2023 15:31,1,,
137,1,20/09/2023 10:45,20/09/2023 13:32,1,,
136,1,20/09/2023 07:00,20/09/2023 08:00,1,,
135,1,20/09/2023 02:49,20/09/2023 05:54,1,,
134,1,19/09/2023 23:59,20/09/2023 01:42,0,,
133,1,19/09/2023 22:40,19/09/2023 23:59,0,,
132,1,19/09/2023 20:10,19/09/2023 21:50,0,,
130,1,19/09/2023 17:55,19/09/2023 18:50,1,,
131,1,19/09/2023 15:55,19/09/2023 16:25,0,,
129,1,19/09/2023 11:40,19/09/2023 14:34,1,,
128,1,19/09/2023 09:35,19/09/2023 10:40,1,,
127,1,19/09/2023 04:00,19/09/2023 08:01,0,,
126,1,18/09/2023 23:59,19/09/2023 03:00,0,,
125,1,18/09/2023 23:29,18/09/2023 23:59,0,,
124,1,18/09/2023 22:03,18/09/2023 22:30,0,,
123,1,18/09/2023 21:54,18/09/2023 22:02,0,,
122,1,18/09/2023 19:47,18/09/2023 20:49,0,,
119,1,18/09/2023 19:34,18/09/2023 19:43,1,,
118,1,18/09/2023 13:25,18/09/2023 15:28,1,,
117,1,18/09/2023 13:21,18/09/2023 13:21,1,,
116,1,18/09/2023 12:32,18/09/2023 13:21,1,,
115,1,18/09/2023 09:01,18/09/2023 11:42,1,,
121,1,18/09/2023 06:00,18/09/2023 06:45,0,,
120,1,18/09/2023 03:00,18/09/2023 05:30,0,,
114,1,17/09/2023 23:59,18/09/2023 02:16,0,,
113,1,17/09/2023 21:38,17/09/2023 23:59,0,,
112,1,17/09/2023 20:09,17/09/2023 20:10,0,,
111,1,17/09/2023 19:51,17/09/2023 19:55,0,,
110,1,17/09/2023 19:02,17/09/2023 19:36,0,,
109,1,17/09/2023 17:22,17/09/2023 17:56,1,,
108,1,17/09/2023 11:23,17/09/2023 15:30,1,,
107,1,17/09/2023 09:42,17/09/2023 10:10,1,,
106,1,17/09/2023 09:00,17/09/2023 09:20,1,,
105,1,17/09/2023 06:30,17/09/2023 07:05,1,,
104,1,17/09/2023 02:50,17/09/2023 05:30,1,,
103,1,16/09/2023 23:59,17/09/2023 01:30,0,,
102,1,16/09/2023 21:31,16/09/2023 23:59,0,,
101,1,16/09/2023 16:41,16/09/2023 17:00,1,,
100,1,16/09/2023 14:10,16/09/2023 16:28,1,,
99,1,16/09/2023 10:45,16/09/2023 12:55,1,,
98,1,16/09/2023 07:45,16/09/2023 08:45,1,,
97,1,16/09/2023 06:00,16/09/2023 06:20,1,,
96,1,16/09/2023 03:50,16/09/2023 05:39,0,,
95,1,15/09/2023 23:59,16/09/2023 03:05,0,,
94,1,15/09/2023 22:39,15/09/2023 23:59,0,,
93,1,15/09/2023 22:30,15/09/2023 22:32,0,,
92,1,15/09/2023 22:24,15/09/2023 22:26,0,,
91,1,15/09/2023 17:49,15/09/2023 19:00,1,,
90,1,15/09/2023 15:15,15/09/2023 17:02,1,,
89,1,15/09/2023 13:15,15/09/2023 14:15,1,,
88,1,15/09/2023 12:05,15/09/2023 12:33,1,,
87,1,15/09/2023 08:55,15/09/2023 10:41,1,,
86,1,15/09/2023 06:45,15/09/2023 07:45,1,,
85,1,15/09/2023 02:45,15/09/2023 05:10,1,,
84,1,14/09/2023 23:59,15/09/2023 02:08,0,,
83,1,14/09/2023 23:23,14/09/2023 23:59,0,,
82,1,14/09/2023 21:47,14/09/2023 22:49,0,,
81,1,14/09/2023 21:41,14/09/2023 21:46,0,,
80,1,14/09/2023 13:18,14/09/2023 17:09,1,,
76,1,14/09/2023 11:17,14/09/2023 11:43,1,,
79,1,14/09/2023 07:50,14/09/2023 08:10,1,,
78,1,14/09/2023 05:50,14/09/2023 07:00,1,,
77,1,14/09/2023 03:00,14/09/2023 05:00,1,,
75,1,14/09/2023 00:30,14/09/2023 02:20,0,,
74,1,13/09/2023 21:20,13/09/2023 22:31,0,,
73,1,13/09/2023 20:10,13/09/2023 21:08,0,,
72,1,13/09/2023 18:58,13/09/2023 19:01,0,,
71,1,13/09/2023 16:20,13/09/2023 17:50,0,,
70,1,13/09/2023 11:07,13/09/2023 13:44,1,,
69,1,13/09/2023 09:15,13/09/2023 10:00,1,,
68,1,13/09/2023 06:40,13/09/2023 07:45,1,,
67,1,13/09/2023 05:00,13/09/2023 05:40,1,,
66,1,13/09/2023 02:00,13/09/2023 04:20,1,,
65,1,12/09/2023 23:59,13/09/2023 01:00,0,,
64,1,12/09/2023 21:34,12/09/2023 23:59,0,,
60,1,12/09/2023 16:40,12/09/2023 20:13,1,,
61,1,12/09/2023 14:30,12/09/2023 15:30,0,,
59,1,12/09/2023 12:05,12/09/2023 12:59,1,,
63,1,12/09/2023 09:45,12/09/2023 10:45,0,,
62,1,12/09/2023 07:15,12/09/2023 07:55,0,,
57,1,12/09/2023 03:00,12/09/2023 05:20,1,,
56,1,11/09/2023 23:59,12/09/2023 02:30,0,,
55,1,11/09/2023 23:03,11/09/2023 23:59,0,,
54,1,11/09/2023 21:02,11/09/2023 21:30,0,,
53,1,11/09/2023 17:35,11/09/2023 18:33,1,,
50,1,11/09/2023 15:09,11/09/2023 15:54,1,,
49,1,11/09/2023 11:00,11/09/2023 13:45,1,,
48,1,11/09/2023 07:40,11/09/2023 09:20,1,,
52,1,11/09/2023 06:00,11/09/2023 06:35,1,,
51,1,11/09/2023 02:45,11/09/2023 05:10,1,,
47,1,11/09/2023 00:00,11/09/2023 01:44,0,,
46,1,10/09/2023 23:18,10/09/2023 23:29,0,,
45,1,10/09/2023 19:28,10/09/2023 21:30,0,,
44,1,10/09/2023 18:45,10/09/2023 19:26,0,,
43,1,10/09/2023 17:16,10/09/2023 17:18,1,,
42,1,10/09/2023 16:36,10/09/2023 17:12,1,,
41,1,10/09/2023 09:15,10/09/2023 12:37,1,,
40,1,10/09/2023 07:40,10/09/2023 08:10,1,,
39,1,10/09/2023 05:10,10/09/2023 06:45,1,,
38,1,10/09/2023 01:15,10/09/2023 04:20,0,,
37,1,09/09/2023 20:50,09/09/2023 23:56,0,,
36,1,09/09/2023 16:33,09/09/2023 19:30,1,,
35,1,09/09/2023 15:18,09/09/2023 15:21,1,,
34,1,09/09/2023 14:45,09/09/2023 15:11,1,,
33,1,09/09/2023 11:34,09/09/2023 12:30,1,,
32,1,09/09/2023 10:50,09/09/2023 11:08,1,,
31,1,09/09/2023 08:45,09/09/2023 09:20,1,,
30,1,09/09/2023 07:08,09/09/2023 08:00,1,,
29,1,09/09/2023 06:58,09/09/2023 07:00,1,,
28,1,09/09/2023 05:55,09/09/2023 06:24,0,,
27,1,09/09/2023 02:35,09/09/2023 05:00,0,,
26,1,08/09/2023 23:59,09/09/2023 01:45,0,,
25,1,08/09/2023 22:40,08/09/2023 23:59,0,,
24,1,08/09/2023 20:24,08/09/2023 21:10,0,,
23,1,08/09/2023 15:15,08/09/2023 18:05,1,,
22,1,08/09/2023 14:00,08/09/2023 14:29,1,,
17,1,08/09/2023 08:55,08/09/2023 11:45,1,,
19,1,08/09/2023 06:00,08/09/2023 07:40,1,,
20,1,08/09/2023 02:00,08/09/2023 04:00,1,,
16,1,06/09/2023 18:30,06/09/2023 21:06,0,,
15,1,06/09/2023 16:49,06/09/2023 17:24,1,,
13,1,06/09/2023 16:23,06/09/2023 16:31,1,,
9,1,06/09/2023 15:44,06/09/2023 16:15,1,,
7,1,06/09/2023 11:58,06/09/2023 14:28,1,,
6,1,06/09/2023 07:45,06/09/2023 08:55,1,,
5,1,06/09/2023 06:01,06/09/2023 07:32,1,,
4,1,06/09/2023 02:18,06/09/2023 04:36,0,,
3,1,05/09/2023 21:30,06/09/2023 00:58,0,,
1,1,05/09/2023 17:15,05/09/2023 20:00,1,,
